dataset,sample_id,candidate,niqe,musiq,psnr,ssim,content_risk,selector,deqadoc
compound_proxy,000004_jung_005_v00,docres_classical040_blend_0.95,5.284951274808237,53.297996520996094,15.5238391712668,0.4730163812637329,0.0912889099588539,NIQE selector restricted16,
compound_proxy,000004_jung_005_v01,classical_shadow_0.70,6.105199343317152,30.63694190979004,16.458547875384127,0.464579313993454,0.7363811325249373,NIQE selector restricted16,
compound_proxy,000005_jung_006_v00,docres_classical040_blend_0.70,4.654294420586158,52.73873901367188,19.341143488903093,0.9307814836502076,0.0573291177988131,NIQE selector restricted16,
compound_proxy,000005_jung_006_v01,input,7.284930822836655,23.23244285583496,23.128856299981784,0.7458389401435852,8.376769278228836e-11,NIQE selector restricted16,
compound_proxy,000013_jung_014_v00,classical_shadow_0.70,6.315274916301068,24.39361572265625,16.88495358180787,0.6504322290420532,0.5731677107567404,NIQE selector restricted16,
compound_proxy,000013_jung_014_v01,classical_shadow_0.70,4.681565595285718,53.365230560302734,23.001189177553325,0.9295896291732788,0.2819286682320301,NIQE selector restricted16,
compound_proxy,000016_jung_017_v00,classical_shadow_0.70,4.232760822696183,47.86080932617188,16.55406136181756,0.4440680146217346,0.2032133344419088,NIQE selector restricted16,
compound_proxy,000016_jung_017_v01,classical_shadow_0.70,3.7377232824149424,51.03130340576172,25.07760585875176,0.9824333786964417,0.3701465896108823,NIQE selector restricted16,
compound_proxy,000023_jung_024_v00,docres_classical040_blend_0.95,5.134938977004303,52.86585998535156,19.082124464689343,0.9847516417503356,0.2677193734172088,NIQE selector restricted16,
compound_proxy,000023_jung_024_v01,docres_classical040_blend_0.90,5.301924303953975,50.67398071289063,17.64037126670679,0.6290616989135742,0.4096213108633361,NIQE selector restricted16,
compound_proxy,000025_jung_026_v00,classical_shadow_0.70,5.249297599583381,50.57365417480469,16.32110507119156,0.7109611630439758,0.4059647500755958,NIQE selector restricted16,
compound_proxy,000025_jung_026_v01,docres_classical040_blend_0.90,4.612657825429864,41.76855850219727,19.44512206498785,0.916263997554779,0.6458492368069885,NIQE selector restricted16,
compound_proxy,000030_jung_031_v00,docres_deshadow,6.528043760573572,23.9448356628418,24.345795127647357,0.8587218523025513,0.3260635404851124,NIQE selector restricted16,
compound_proxy,000030_jung_031_v01,classical_shadow_0.40,4.444348662000984,53.78551864624024,22.97742689037424,0.9820438623428344,0.1877547308798405,NIQE selector restricted16,
compound_proxy,000031_jung_032_v00,docres_classical040_blend_0.85,3.5517847090265064,51.20081329345703,21.82114437506165,0.9597219824790956,0.1132125654059616,NIQE selector restricted16,
compound_proxy,000031_jung_032_v01,docres_input_blend_0.95,3.4667985215672577,50.2330322265625,21.802229332591267,0.9900473356246948,0.4753719450342625,NIQE selector restricted16,
compound_proxy,000037_jung_038_v00,classical_shadow_0.70,6.373512234284321,20.389389038085938,20.829123804262323,0.5281063914299011,0.8529771923319747,NIQE selector restricted16,
compound_proxy,000037_jung_038_v01,classical_shadow_0.70,7.094293430335132,22.022674560546875,24.40123667519985,0.7933083772659302,0.8008092479352444,NIQE selector restricted16,
compound_proxy,000038_jung_039_v00,docres_appearance,7.481022577217791,55.629276275634766,19.98973581416919,0.924962282180786,0.1894157157262263,NIQE selector restricted16,
compound_proxy,000038_jung_039_v01,docres_classical040_blend_0.70,7.867168382115271,29.074573516845703,22.984874424480893,0.7478330731391907,0.46836451301785,NIQE selector restricted16,
compound_proxy,000043_jung_044_v00,docres_classical040_blend_0.80,7.639313881925831,22.99872589111328,20.19171801398159,0.509560227394104,0.3738016362817591,NIQE selector restricted16,
compound_proxy,000043_jung_044_v01,classical_shadow_0.25,8.267230897155365,26.4044132232666,13.28541564680724,0.7011948823928833,0.5906163336620309,NIQE selector restricted16,
compound_proxy,000046_jung_047_v00,docres_input_blend_0.90,7.127428898278201,54.16021728515625,19.55462497848465,0.5649230480194092,0.0816494420792568,NIQE selector restricted16,
compound_proxy,000046_jung_047_v01,input,8.35748997635439,22.28796768188477,21.115436810641807,0.5974705815315247,8.999999795422653e-09,NIQE selector restricted16,
compound_proxy,000050_jung_051_v00,classical_shadow_0.70,5.955188508765144,49.19409942626953,22.992762052983235,0.975648045539856,0.6722321095956725,NIQE selector restricted16,
compound_proxy,000050_jung_051_v01,classical_shadow_0.70,6.886239754836843,26.68369674682617,19.672914013893934,0.7164443731307983,0.670460013535238,NIQE selector restricted16,
compound_proxy,000051_jung_052_v00,docres_appearance,5.169466352345819,64.72786712646484,15.2323767741996,0.5540107488632202,0.1881764796391227,NIQE selector restricted16,
compound_proxy,000051_jung_052_v01,docres_appearance,4.424289379367496,60.416778564453125,14.627315046856758,0.5082906484603882,0.3898779884447348,NIQE selector restricted16,
compound_proxy,000057_jung_058_v00,docres_classical040_blend_0.85,5.62157567051529,53.0950927734375,18.99532595621104,0.6004536747932434,0.1197502498710868,NIQE selector restricted16,
compound_proxy,000057_jung_058_v01,docres_appearance,9.375352360158052,17.36969757080078,15.514775772114303,0.7479909062385559,0.4802231410250702,NIQE selector restricted16,
dibco18,dibco18_001,classical_shadow_0.70,3.7698135851437526,47.86168670654297,15.488432107769622,0.7212640047073364,0.3143967059993156,NIQE selector restricted16,
dibco18,dibco18_007,classical_shadow_0.70,4.007595026652887,47.88489532470703,17.48336685029568,0.7524306178092957,0.1402348713953556,NIQE selector restricted16,
dibco18,dibco18_008,classical_shadow_0.70,4.5241411458773495,35.96405792236328,14.025741576047764,0.6183673143386841,0.1228364828602662,NIQE selector restricted16,
dibco19,dibco19_a_008,classical_shadow_0.25,6.657195511755566,41.05647277832031,14.669684403444894,0.645976185798645,0.0308887277797867,NIQE selector restricted16,
jung,jung_003,classical_shadow_0.70,6.86667622455337,54.17254638671875,23.215921945014777,0.9284040331840516,0.3935203159996292,NIQE selector restricted16,
jung,jung_020,classical_shadow_0.70,4.304561839955628,55.35805892944336,21.480550440397312,0.9017121195793152,0.2312444084493058,NIQE selector restricted16,
jung,jung_029,classical_shadow_0.70,8.9543845019829,53.70691680908203,23.443423400471367,0.8913611769676208,0.2084753155221203,NIQE selector restricted16,
jung,jung_046,docres_deshadow,5.848852576907188,50.634883880615234,21.762653492170664,0.9389850497245787,0.2215453792318367,NIQE selector restricted16,
jung,jung_048,classical_shadow_0.70,5.978383229510282,60.48230743408203,23.449768919508465,0.9293593168258668,0.2663354596105232,NIQE selector restricted16,
jung,jung_052,classical_shadow_0.70,5.107756400338619,61.88827896118164,23.18376081907136,0.9359951615333556,0.3305237853994238,NIQE selector restricted16,
jung,jung_053,classical_shadow_0.70,5.761912007199421,53.88656234741211,23.04513679204183,0.9298233389854432,0.3407833859291543,NIQE selector restricted16,
jung,jung_058,classical_shadow_0.70,4.911961990217378,50.52171325683594,22.000615430923904,0.9360281229019164,0.2410964483634435,NIQE selector restricted16,
jung,jung_061,classical_shadow_0.70,5.027096709501332,55.0567626953125,23.530317492567782,0.9326379895210266,0.2854632223574122,NIQE selector restricted16,
jung,jung_063,classical_shadow_0.70,3.798102461702185,60.67561721801758,18.09766990167966,0.882344663143158,0.3173511072663788,NIQE selector restricted16,
jung,jung_067,classical_shadow_0.70,5.279145658305105,49.31085205078125,24.703926959952977,0.8865007758140564,0.3287503123487959,NIQE selector restricted16,
jung,jung_069,classical_shadow_0.70,3.3251788509240807,46.42744827270508,22.479723427674827,0.8571010828018188,0.345986847907536,NIQE selector restricted16,
jung,jung_074,classical_shadow_0.70,3.5859398927546557,56.03474426269531,14.41799400658101,0.8078306317329407,0.3434041115005305,NIQE selector restricted16,
jung,jung_075,classical_shadow_0.70,4.648150325097634,56.024192810058594,21.88879767238559,0.9460851550102234,0.3499766050760165,NIQE selector restricted16,
jung,jung_082,classical_shadow_0.70,3.551628288923089,49.22362518310547,22.403505790642654,0.95300954580307,0.1072333938780349,NIQE selector restricted16,
kligler,natiCHW01_06,input,4.472165819587322,58.95292663574219,11.49763586455644,0.805308997631073,2.2663171339587508e-11,NIQE selector restricted16,
kligler,natiCHW02_04,docres_deshadow,3.682782520827927,54.35810470581055,12.157915862007362,0.8540002703666687,0.4336833567688521,NIQE selector restricted16,
kligler,natiCHW02_05,docres_deshadow,3.664127466028944,53.461708068847656,12.305148750751089,0.8473129272460938,0.4915840853129712,NIQE selector restricted16,
kligler,natiCHW03_05,classical_shadow_0.70,4.216488800300457,45.12123107910156,15.169729016893273,0.8958765268325806,0.5041749142781716,NIQE selector restricted16,
kligler,natiCHW04_03,classical_shadow_0.70,4.649168606392809,54.13811492919922,15.442041157358688,0.9062057733535768,0.4412973435975962,NIQE selector restricted16,
kligler,natiCHW04_05,classical_shadow_0.70,4.398569862613101,54.42351150512695,16.235179445436568,0.9078607559204102,0.3745855122965741,NIQE selector restricted16,
kligler,natiCHW04_12,classical_shadow_0.70,4.394016903662223,56.22296142578125,15.115170129231933,0.9073274731636048,0.3706992930666832,NIQE selector restricted16,
kligler,natiCPO01_02,docres_deshadow,3.7341221417829473,39.67006301879883,12.836709824664878,0.8951156735420227,0.5520596596897926,NIQE selector restricted16,
kligler,natiCPO02_02,classical_shadow_0.70,4.737385337510037,56.44502639770508,18.377116072537635,0.9452399611473083,0.4083344208295615,NIQE selector restricted16,
kligler,natiCPO03_01,classical_shadow_0.70,5.321093754387201,39.9055061340332,15.299072811310142,0.900994837284088,0.4743419150328628,NIQE selector restricted16,
kligler,natiCPO03_09,classical_shadow_0.70,4.689393464598204,40.05546569824219,15.542674939315832,0.8982834219932556,0.4790687629809657,NIQE selector restricted16,
kligler,natiCPO04_04,classical_shadow_0.70,5.232820089257628,43.5393180847168,15.969474251738738,0.909956693649292,0.43623381820089,NIQE selector restricted16,
kligler,natiCPO04_08,classical_shadow_0.70,5.69263769309173,44.53116989135742,16.031779808987714,0.9122048616409302,0.4443736466619396,NIQE selector restricted16,
kligler,natiCPO05_01,docres_deshadow,4.089495250111121,63.01947021484375,27.794944500292964,0.9649247527122498,0.2598233219562694,NIQE selector restricted16,
kligler,natiCPO06_04,classical_shadow_0.70,5.275188443949117,50.31352233886719,14.270993319515568,0.8723548054695129,0.4889546795744479,NIQE selector restricted16,
kligler,natiCPO06_05,classical_shadow_0.70,5.393856144526199,49.3675651550293,14.747098530290302,0.8741998076438904,0.5057038922962774,NIQE selector restricted16,
kligler,natiCPO06_06,classical_shadow_0.70,5.21368734703534,49.43593215942383,14.50922177028696,0.8765057921409607,0.5104492504145555,NIQE selector restricted16,
kligler,natiCPO06_10,classical_shadow_0.70,5.289232658919485,50.36741638183594,14.111100151625855,0.8375464081764221,0.5527782578490158,NIQE selector restricted16,
kligler,natiCPO07_03,classical_shadow_0.70,4.62119725894061,41.79275894165039,16.332925434299874,0.9026836156845092,0.6191994387889589,NIQE selector restricted16,
kligler,natiCPO07_09,classical_shadow_0.70,4.875454756212992,40.99593353271485,15.359992517510062,0.860007107257843,0.5740657857031185,NIQE selector restricted16,
kligler,natiCPO07_12,classical_shadow_0.70,4.568347189561144,40.33260345458984,15.046094719179134,0.8645659685134888,0.5519550348882424,NIQE selector restricted16,
kligler,natiCPO08_01,docres_appearance,5.678633687613042,59.38546371459961,13.68362928575958,0.906341314315796,0.4448233630250636,NIQE selector restricted16,
kligler,natiCPO08_02,docres_deshadow,5.171654566517168,63.369964599609375,27.34083609152925,0.9727807641029358,0.3461007163268391,NIQE selector restricted16,
kligler,natiCPO08_05,docres_appearance,5.341221185569613,59.368106842041016,13.505715225059426,0.9013870358467102,0.4465799972901827,NIQE selector restricted16,
kligler,natiCPO08_06,docres_appearance,5.370403024116102,59.75408935546875,13.783043914629614,0.8947057723999023,0.4435313274317993,NIQE selector restricted16,
kligler,natiCPR01_01,classical_shadow_0.70,4.556517939676944,58.03989410400391,17.06194860496333,0.9137601256370544,0.400704013979514,NIQE selector restricted16,
kligler,natiCPR01_10,classical_shadow_0.40,4.60706209359571,61.453590393066406,20.876218141866453,0.9165777564048768,0.2724986924085499,NIQE selector restricted16,
kligler,natiCPR01_11,classical_shadow_0.40,4.742105711239424,60.93502426147461,21.929537106927597,0.9077739119529724,0.1318557883091236,NIQE selector restricted16,
kligler,natiCPR01_14,classical_shadow_0.70,4.542116647613338,57.774192810058594,16.424456231571572,0.873390257358551,0.3901223521805528,NIQE selector restricted16,
kligler,natiCPR02_10,classical_shadow_0.70,4.395297827664805,55.56282806396485,15.864707625345078,0.8947296738624573,0.4263633236967684,NIQE selector restricted16,
kligler,natiCPR02_12,classical_shadow_0.25,4.331105489797319,55.11914825439453,18.02454198745569,0.899559736251831,0.1231233746608286,NIQE selector restricted16,
kligler,natiCPR03_07,classical_shadow_0.70,4.467776464547713,55.39503479003906,15.309172114813682,0.9124613404273988,0.3874499202196497,NIQE selector restricted16,
kligler,natiCPR03_09,classical_shadow_0.25,4.421753957143518,58.52853393554688,21.46360832586399,0.938687026500702,0.107307675499448,NIQE selector restricted16,
kligler,natiCPR03_11,classical_shadow_0.70,3.795932667407463,54.860084533691406,16.353664585918676,0.9191056489944458,0.4397906588262266,NIQE selector restricted16,
kligler,natiCPR04_06,classical_shadow_0.70,4.036229615086164,46.700775146484375,15.937114649627189,0.8933364152908325,0.4758994108720183,NIQE selector restricted16,
kligler,natiCPR04_09,classical_shadow_0.70,4.247342817490174,46.502227783203125,15.641388221974928,0.8859193325042725,0.4562373627880041,NIQE selector restricted16,
kligler,natiCPR04_11,classical_shadow_0.70,3.8042365306985633,46.64704513549805,15.745809259991852,0.8833035230636597,0.4345951633787448,NIQE selector restricted16,
kligler,natiCPR05_03,classical_shadow_0.70,4.792989134236713,47.68778991699219,16.09209581934315,0.9098607897758484,0.4431009196096614,NIQE selector restricted16,
kligler,natiCPR05_07,classical_shadow_0.70,4.51984130169238,46.81473159790039,15.607384897215244,0.9080955982208252,0.4432810638016398,NIQE selector restricted16,
kligler,natiCPR05_12,classical_shadow_0.70,4.675747366432704,48.25254821777344,15.570649962195622,0.8935025930404663,0.4398127993807434,NIQE selector restricted16,
kligler,natiCSY01_02,classical_shadow_0.40,4.706363566481622,59.64221954345703,21.01433618401293,0.9184090495109558,0.1939889556680788,NIQE selector restricted16,
kligler,natiCSY01_04,classical_shadow_0.70,4.711480425115572,58.23486328125,16.058619969927513,0.891041100025177,0.4786755490699046,NIQE selector restricted16,
kligler,natiCSY01_07,classical_shadow_0.70,4.186501436829529,58.929954528808594,16.11824562975784,0.8950641751289368,0.5055572831810736,NIQE selector restricted16,
kligler,natiCSY01_08,classical_shadow_0.70,4.6980291952850495,57.12327194213867,16.58344793493853,0.8955234289169312,0.5257807127046173,NIQE selector restricted16,
kligler,natiCSY01_11,classical_shadow_0.70,4.726090082310504,56.56615829467773,13.971102350346898,0.8419699668884277,0.4680133208413408,NIQE selector restricted16,
kligler,natiCSY01_12,classical_shadow_0.70,4.709307211583434,56.27275848388672,15.856275090266916,0.9255260229110718,0.4543780552835206,NIQE selector restricted16,
kligler,natiCSY01_15,classical_shadow_0.25,4.749764925898368,58.22850036621094,21.33636189736513,0.956943154335022,0.1307463414568286,NIQE selector restricted16,
kligler,natiCSY02_01,classical_shadow_0.40,4.970961270204779,65.1178207397461,21.859125039425997,0.9570870995521544,0.4064084556308193,NIQE selector restricted16,
kligler,natiCSY02_02,classical_shadow_0.25,4.818161309016414,62.751708984375,19.193516792596174,0.9502851366996764,0.1043660468971292,NIQE selector restricted16,
kligler,natiCSY02_10,classical_shadow_0.25,4.920281452561954,62.293975830078125,18.73246081738441,0.9448323249816896,0.1134647300797054,NIQE selector restricted16,
kligler,natiCSY03_02,classical_shadow_0.70,4.511438121892806,48.81636428833008,15.316644800296352,0.911504566669464,0.3824976245686965,NIQE selector restricted16,
kligler,natiCSY03_03,classical_shadow_0.70,4.48863157070321,51.04889678955078,15.907785225133573,0.9151329398155212,0.4508883819905925,NIQE selector restricted16,
kligler,natiCSY03_05,classical_shadow_0.70,4.395500605404178,48.83024978637695,15.714269214711337,0.9152489304542542,0.4449726724177278,NIQE selector restricted16,
kligler,natiCSY03_06,classical_shadow_0.70,4.165222333550255,48.07478332519531,15.517799990876943,0.9102219343185424,0.4428423922572058,NIQE selector restricted16,
kligler,natiCSY04_06,classical_shadow_0.70,5.122301492128735,54.01652526855469,15.69091756555337,0.899429976940155,0.4765320290326452,NIQE selector restricted16,
kligler,natiCSY04_14,classical_shadow_0.70,5.234558686574438,53.58144760131836,15.62799571493352,0.8851626515388489,0.491947970315135,NIQE selector restricted16,
kligler,natiCSY04_15,classical_shadow_0.70,5.646254623874886,52.0659065246582,15.503718425176562,0.8821556568145752,0.4280302771456073,NIQE selector restricted16,
kligler,natiCSY06_02,classical_shadow_0.70,4.317843816820453,39.82255554199219,11.236755032909151,0.7994843125343323,0.5862260956447964,NIQE selector restricted16,
kligler,natiCSY06_04,classical_shadow_0.70,3.9949085623619385,37.75505828857422,11.688079575572266,0.7894886136054993,0.6843225262609114,NIQE selector restricted16,
kligler,natiCSY06_11,classical_shadow_0.70,4.219750927058223,40.74344253540039,11.01469338365312,0.7990309000015259,0.5220709441115378,NIQE selector restricted16,
kligler,natiCSY06_12,classical_shadow_0.70,4.407016036506423,40.16039657592773,11.460680140544309,0.8075094819068909,0.6739744746037136,NIQE selector restricted16,
kligler,natiCSY06_14,classical_shadow_0.70,4.2120832478258565,40.95913314819336,11.154186029280758,0.7978110909461975,0.5624604627081617,NIQE selector restricted16,
kligler,natiCSY07_08,classical_shadow_0.70,4.877130620484801,44.68220138549805,18.168157014197025,0.931177020072937,0.4725206943319964,NIQE selector restricted16,
kligler,natiCSY07_13,classical_shadow_0.70,4.697415951186609,46.81124114990234,19.27137740895174,0.9263973832130432,0.4726023255400813,NIQE selector restricted16,
compound_proxy,000004_jung_005_v00,docres_input_blend_0.95,5.285119947955463,53.55064392089844,15.595699638805836,0.4741219282150268,0.0836595175880665,MUSIQ selector restricted16,
compound_proxy,000004_jung_005_v01,docres_binarization,28.673634302359005,45.99043655395508,10.75460278576595,0.5050726532936096,0.7943809416422373,MUSIQ selector restricted16,
compound_proxy,000005_jung_006_v00,docres_appearance,5.638291342539438,53.18547821044922,19.33171770507948,0.9604334831237792,0.1828668800427069,MUSIQ selector restricted16,
compound_proxy,000005_jung_006_v01,docres_binarization,32.233266738172986,49.41841125488281,13.258533557655271,0.5170363783836365,0.493432753375789,MUSIQ selector restricted16,
compound_proxy,000013_jung_014_v00,docres_binarization,nan,25.073190689086918,12.398041678161029,0.3900440335273742,0.691450993712377,MUSIQ selector restricted16,
compound_proxy,000013_jung_014_v01,input,4.87971631982466,59.56742858886719,12.556807121434144,0.8876048922538757,8.298911557957922e-12,MUSIQ selector restricted16,
compound_proxy,000016_jung_017_v00,classical_shadow_0.25,4.679138082121935,49.43799209594727,17.576735626155575,0.4810016453266144,0.0848873520708565,MUSIQ selector restricted16,
compound_proxy,000016_jung_017_v01,input,4.062697395699013,56.92680358886719,17.72255098660335,0.9705256819725036,1.4298412454039068e-11,MUSIQ selector restricted16,
compound_proxy,000023_jung_024_v00,input,6.576733276309931,55.82719421386719,28.47946136089844,0.9970285892486572,1.1711731584540531e-11,MUSIQ selector restricted16,
compound_proxy,000023_jung_024_v01,input,8.468481306377061,59.68064880371094,14.587736879914749,0.6324447989463806,1.2896583800880989e-11,MUSIQ selector restricted16,
compound_proxy,000025_jung_026_v00,input,7.070757351359911,53.11468505859375,20.236996528649023,0.7614763379096985,3.6891290022822426e-11,MUSIQ selector restricted16,
compound_proxy,000025_jung_026_v01,input,8.159946540393964,49.71562194824219,15.030201943678913,0.8777980804443359,6.336246527460787e-11,MUSIQ selector restricted16,
compound_proxy,000030_jung_031_v00,docres_binarization,nan,26.75692749023437,14.609569208752736,0.7337793111801147,0.8308296535616678,MUSIQ selector restricted16,
compound_proxy,000030_jung_031_v01,input,5.108112641155995,56.265872955322266,16.598327901500788,0.9647144675254822,1.6919865508668864e-11,MUSIQ selector restricted16,
compound_proxy,000031_jung_032_v00,docres_appearance,4.554593561079625,52.93542098999024,17.830414836127815,0.9568274021148682,0.308844204967586,MUSIQ selector restricted16,
compound_proxy,000031_jung_032_v01,docres_appearance,5.162330684719593,57.323707580566406,18.607388419631533,0.9290671348571776,0.5154889407136265,MUSIQ selector restricted16,
compound_proxy,000037_jung_038_v00,docres_binarization,31.61615706349825,44.74998474121094,12.972020935655625,0.4637664556503296,0.8430890987688388,MUSIQ selector restricted16,
compound_proxy,000037_jung_038_v01,docres_binarization,23.89308865819832,51.01997756958008,12.93653572063777,0.4654816687107086,0.8155631893367774,MUSIQ selector restricted16,
compound_proxy,000038_jung_039_v00,docres_appearance,7.481022577217791,55.629276275634766,19.98973581416919,0.924962282180786,0.1894157157262263,MUSIQ selector restricted16,
compound_proxy,000038_jung_039_v01,docres_binarization,28.87738038640248,51.71455001831055,12.842554743776873,0.4693580567836761,0.7868181579624051,MUSIQ selector restricted16,
compound_proxy,000043_jung_044_v00,docres_binarization,nan,40.25677490234375,14.02218452801764,0.5330193638801575,0.8055763441454697,MUSIQ selector restricted16,
compound_proxy,000043_jung_044_v01,docres_binarization,22.406074440911265,55.53653717041016,11.700904469612908,0.5835118889808655,0.8930077229895476,MUSIQ selector restricted16,
compound_proxy,000046_jung_047_v00,docres_appearance,7.843519728192615,56.92981719970703,15.128602553884496,0.5501230359077454,0.193627270790345,MUSIQ selector restricted16,
compound_proxy,000046_jung_047_v01,docres_binarization,23.03617365961092,50.919429779052734,12.753564167310817,0.5898780822753906,0.8219365835125787,MUSIQ selector restricted16,
compound_proxy,000050_jung_051_v00,input,7.621977263680223,55.94495391845703,13.043480010851573,0.8191832900047302,3.541636983683816e-11,MUSIQ selector restricted16,
compound_proxy,000050_jung_051_v01,docres_binarization,32.262010204447456,45.37702941894531,13.741062689797497,0.6194181442260742,0.8060431599129305,MUSIQ selector restricted16,
compound_proxy,000051_jung_052_v00,input,6.340573623222705,65.13448333740234,19.699507145125924,0.5699775815010071,1.1437001345981913e-11,MUSIQ selector restricted16,
compound_proxy,000051_jung_052_v01,classical_shadow_0.40,5.288557250350679,62.57130432128906,14.728046333796026,0.5171879529953003,0.3566238168577464,MUSIQ selector restricted16,
compound_proxy,000057_jung_058_v00,input,6.840183585522803,54.87422180175781,19.775520483940227,0.6029854416847229,1.3670764520412604e-11,MUSIQ selector restricted16,
compound_proxy,000057_jung_058_v01,docres_binarization,nan,34.941856384277344,13.475358129771704,0.6602646112442017,0.519318782112445,MUSIQ selector restricted16,
dibco18,dibco18_001,docres_input_blend_0.95,4.002015360644563,50.14657974243164,9.57193718259502,0.7056974768638611,0.0465106228982009,MUSIQ selector restricted16,
dibco18,dibco18_007,docres_input_blend_0.70,4.206571782435589,51.09067535400391,13.55065698482802,0.7630302309989929,0.0771662683279829,MUSIQ selector restricted16,
dibco18,dibco18_008,input,4.726088471060104,43.05635833740234,9.804473792287563,0.6129225492477417,2.3259444370538064e-11,MUSIQ selector restricted16,
dibco19,dibco19_a_008,docres_binarization,23.922556010021484,51.64176559448242,19.782312627097905,0.951031506061554,0.4706250245906201,MUSIQ selector restricted16,
jung,jung_003,classical_shadow_0.25,7.535042659969019,61.44083786010742,13.911230264288896,0.8964261412620544,0.1030137516686872,MUSIQ selector restricted16,
jung,jung_020,input,4.961303193101369,59.79876708984375,13.078237859780646,0.8793730139732361,1.011261074879144e-11,MUSIQ selector restricted16,
jung,jung_029,input,9.951796623916524,60.49332427978516,15.103501895349126,0.8986929059028625,6.134942553970291e-12,MUSIQ selector restricted16,
jung,jung_046,docres_binarization,15.440265048943544,61.85422897338867,12.939647670181518,0.6931515336036682,0.6654516547288141,MUSIQ selector restricted16,
jung,jung_048,input,7.546822777708309,65.0311050415039,17.20940320055164,0.9345038533210754,1.2024031770252464e-11,MUSIQ selector restricted16,
jung,jung_052,input,5.853320099261361,68.6461410522461,15.901095470950338,0.9278212785720824,1.0114659110271871e-11,MUSIQ selector restricted16,
jung,jung_053,classical_shadow_0.25,6.418994126079281,57.82349395751953,18.09966535644572,0.9375813007354736,0.2856475058424531,MUSIQ selector restricted16,
jung,jung_058,input,5.779850566932752,58.77952575683594,15.455179040072773,0.9243389368057252,1.26539778655399e-11,MUSIQ selector restricted16,
jung,jung_061,input,6.399439261353654,60.9892807006836,14.28214407443541,0.9052327871322632,1.066277066641419e-11,MUSIQ selector restricted16,
jung,jung_063,classical_shadow_0.25,4.011758557356973,62.02981948852539,19.51770591898817,0.9130368232727052,0.131700427120928,MUSIQ selector restricted16,
jung,jung_067,input,5.579906767779332,56.21499252319336,15.802822679586347,0.8822113871574402,7.040268368285751e-12,MUSIQ selector restricted16,
jung,jung_069,input,3.6313657298955686,53.76069259643555,14.561828741670697,0.8519160151481628,7.799760837201575e-12,MUSIQ selector restricted16,
jung,jung_074,classical_shadow_0.25,3.7564765031837286,59.42355728149414,20.17004477168136,0.920409083366394,0.1301284768431341,MUSIQ selector restricted16,
jung,jung_075,input,5.410453881383565,63.84577941894531,13.473888139232864,0.9179552793502808,6.232464544453365e-12,MUSIQ selector restricted16,
jung,jung_082,input,4.158462417268695,56.14952087402344,17.926470926314234,0.9576358795166016,8.432954334836039e-12,MUSIQ selector restricted16,
kligler,natiCHW01_06,docres_input_blend_0.70,6.026454032013612,64.62530517578125,20.619429594166725,0.9515795111656188,0.3148382634995471,MUSIQ selector restricted16,
kligler,natiCHW02_04,input,4.890293858963661,67.47745513916016,14.399407368261228,0.8352164030075073,9.625450436701043e-12,MUSIQ selector restricted16,
kligler,natiCHW02_05,input,5.00650087252535,64.03089904785156,11.368417830275304,0.732757031917572,1.079886180477274e-11,MUSIQ selector restricted16,
kligler,natiCHW03_05,docres_binarization,18.688233155534427,51.319427490234375,9.109169241269685,0.7006877064704895,0.6736176998998848,MUSIQ selector restricted16,
kligler,natiCHW04_03,input,5.600879611688271,59.70869827270508,11.900817767047556,0.8040400147438049,3.2003399930147225e-11,MUSIQ selector restricted16,
kligler,natiCHW04_05,input,5.018036467601252,58.35400772094727,9.866581165762636,0.7347427606582642,2.3127949555501458e-11,MUSIQ selector restricted16,
kligler,natiCHW04_12,classical_shadow_0.25,4.959786421214929,58.72403717041016,15.980021243404588,0.9041968584060668,0.177550814696191,MUSIQ selector restricted16,
kligler,natiCPO01_02,docres_binarization,17.408480083077084,53.64904022216797,8.703541749780058,0.6939637660980225,0.7596159828034421,MUSIQ selector restricted16,
kligler,natiCPO02_02,input,5.703323189747282,61.19858551025391,13.45605231000654,0.8785130381584167,8.257344807915956e-12,MUSIQ selector restricted16,
kligler,natiCPO03_01,docres_binarization,15.742900243655418,51.139793395996094,9.656095816746538,0.6910421252250671,0.7579132835181471,MUSIQ selector restricted16,
kligler,natiCPO03_09,docres_binarization,15.672134950815389,50.49446105957031,9.663897155862788,0.6888085603713989,0.7598843731923256,MUSIQ selector restricted16,
kligler,natiCPO04_04,docres_binarization,13.19923476530289,47.52659606933594,9.23826271291052,0.5783469080924988,0.7882464692901765,MUSIQ selector restricted16,
kligler,natiCPO04_08,input,5.830907020720437,48.828224182128906,16.427894519802788,0.9078539609909058,7.911821198192116e-12,MUSIQ selector restricted16,
kligler,natiCPO05_01,input,4.446034637021175,64.85440826416016,18.48665036367935,0.9422807693481444,7.310302363450206e-12,MUSIQ selector restricted16,
kligler,natiCPO06_04,docres_binarization,15.385177862929682,55.554874420166016,9.498302240618433,0.6541247367858887,0.7477280294986772,MUSIQ selector restricted16,
kligler,natiCPO06_05,docres_binarization,16.175710655494154,55.76579284667969,8.891905379262703,0.6661391854286194,0.7803237633691714,MUSIQ selector restricted16,
kligler,natiCPO06_06,docres_binarization,16.00019648206503,55.85772705078125,8.963020702741485,0.6685014367103577,0.7731266856718638,MUSIQ selector restricted16,
kligler,natiCPO06_10,docres_binarization,15.618796068014811,55.32048797607422,9.63356489260088,0.6403632760047913,0.7874362444831359,MUSIQ selector restricted16,
kligler,natiCPO07_03,input,5.920164788835825,47.72618865966797,12.415989752497616,0.8517127633094788,2.8938901275310515e-11,MUSIQ selector restricted16,
kligler,natiCPO07_09,docres_binarization,19.304007879389708,46.16616821289063,9.450580686666694,0.7500810623168945,0.7705168135929181,MUSIQ selector restricted16,
kligler,natiCPO07_12,docres_binarization,18.905287653876933,49.52969741821289,9.410869971798316,0.7546806931495667,0.7963305490621646,MUSIQ selector restricted16,
kligler,natiCPO08_01,classical_shadow_0.25,5.958031109499717,65.08193969726562,18.65488008930078,0.9497832655906676,0.3137081967172884,MUSIQ selector restricted16,
kligler,natiCPO08_02,input,5.848361632908799,66.59131622314453,15.204623241405308,0.9131547808647156,1.4796813774253793e-11,MUSIQ selector restricted16,
kligler,natiCPO08_05,input,5.868533876985079,67.5397720336914,14.46211060192005,0.895767331123352,1.4912521217880228e-11,MUSIQ selector restricted16,
kligler,natiCPO08_06,input,5.894369519539493,66.27266693115234,13.664866731002515,0.8735034465789795,1.489423584466465e-11,MUSIQ selector restricted16,
kligler,natiCPR01_01,input,4.874758673437157,65.96080780029297,13.535626264753484,0.8757516741752625,1.1415818290672064e-11,MUSIQ selector restricted16,
kligler,natiCPR01_10,input,4.753822786368746,64.23683166503906,16.099246996891242,0.8911510705947876,1.12225229109697e-11,MUSIQ selector restricted16,
kligler,natiCPR01_11,input,5.013060602010787,65.31058502197266,16.196447860307675,0.881517767906189,1.1254247533898363e-11,MUSIQ selector restricted16,
kligler,natiCPR01_14,input,4.931175155378861,65.75118255615234,15.413481144871016,0.8733716607093811,1.1261241938953503e-11,MUSIQ selector restricted16,
kligler,natiCPR02_10,input,4.606342776524485,59.90773391723633,13.297184454656769,0.834560751914978,1.3969975176664207e-11,MUSIQ selector restricted16,
kligler,natiCPR02_12,docres_input_blend_0.90,5.304593342886448,57.7537727355957,25.30206687711301,0.9389340281486512,0.4160906733149692,MUSIQ selector restricted16,
kligler,natiCPR03_07,input,4.506686222655076,58.476558685302734,18.0854628806311,0.9286635518074036,1.3061252079893392e-11,MUSIQ selector restricted16,
kligler,natiCPR03_09,input,4.447482200471411,61.25504684448242,15.664535134762714,0.8908356428146362,1.3322692948847247e-11,MUSIQ selector restricted16,
kligler,natiCPR03_11,classical_shadow_0.40,3.867702598676916,57.42555236816406,21.45686822831727,0.9421001076698304,0.1602471184112276,MUSIQ selector restricted16,
kligler,natiCPR04_06,docres_binarization,22.01795021339973,54.16310501098633,9.618312161634911,0.7809526324272156,0.6217486447093463,MUSIQ selector restricted16,
kligler,natiCPR04_09,docres_binarization,22.302520578919985,53.90890502929688,9.6146857387792,0.7804898619651794,0.6170794940205331,MUSIQ selector restricted16,
kligler,natiCPR04_11,docres_binarization,21.9875515595405,54.5640869140625,9.612867593153055,0.7789416909217834,0.6342502535529122,MUSIQ selector restricted16,
kligler,natiCPR05_03,docres_binarization,18.0683913361614,49.28849792480469,9.823541762357149,0.7804350852966309,0.712693932832719,MUSIQ selector restricted16,
kligler,natiCPR05_07,docres_binarization,17.816824696666718,49.015228271484375,9.809759240524214,0.7774083614349365,0.7089715562419148,MUSIQ selector restricted16,
kligler,natiCPR05_12,classical_shadow_0.40,4.930740729520658,50.95229721069336,21.607110866590872,0.9230459928512572,0.1711997768909113,MUSIQ selector restricted16,
kligler,natiCSY01_02,docres_binarization,15.34983106420028,61.55833435058594,9.338258637850394,0.6798778772354126,0.7472474122912697,MUSIQ selector restricted16,
kligler,natiCSY01_04,input,5.144590249119474,61.23277282714844,13.44344886431145,0.8386196494102478,1.5861811863970843e-11,MUSIQ selector restricted16,
kligler,natiCSY01_07,classical_shadow_0.70,4.186501436829529,58.929954528808594,16.11824562975784,0.8950641751289368,0.5055572831810736,MUSIQ selector restricted16,
kligler,natiCSY01_08,docres_binarization,15.943573217787938,60.00532913208008,9.301133627510422,0.6842060685157776,0.7439833847823019,MUSIQ selector restricted16,
kligler,natiCSY01_11,docres_binarization,15.1417874116359,61.94853210449219,9.234601131978902,0.6637946963310242,0.7325261119280397,MUSIQ selector restricted16,
kligler,natiCSY01_12,docres_binarization,15.51024514893625,61.57599258422852,9.400816232330287,0.6891220211982727,0.7398526779755145,MUSIQ selector restricted16,
kligler,natiCSY01_15,input,5.134047456566614,61.2197380065918,16.241299597541136,0.9246331453323364,1.4902129530369736e-11,MUSIQ selector restricted16,
kligler,natiCSY02_01,input,5.118068130558392,67.39221954345703,12.706630132160956,0.8473901748657227,1.3685702571208936e-11,MUSIQ selector restricted16,
kligler,natiCSY02_02,input,5.226015717214169,67.4607162475586,13.724569112811425,0.8827598094940186,1.3123352404775802e-11,MUSIQ selector restricted16,
kligler,natiCSY02_10,input,5.258692314105451,66.73714447021484,13.302954039814496,0.8667691349983215,1.3388090636112792e-11,MUSIQ selector restricted16,
kligler,natiCSY03_02,input,4.997107520766151,54.02324676513672,17.094752870402985,0.9313583970069884,1.0688600005082096e-11,MUSIQ selector restricted16,
kligler,natiCSY03_03,input,5.006437262496175,58.70328521728516,13.495465190226517,0.8640556931495667,1.0945194750533459e-11,MUSIQ selector restricted16,
kligler,natiCSY03_05,input,5.070579917270698,53.69297409057617,14.0179025915668,0.8772090077400208,1.0748052448050772e-11,MUSIQ selector restricted16,
kligler,natiCSY03_06,input,4.878163090544889,54.44179534912109,14.536589915615114,0.8883176445960999,1.0715578424580486e-11,MUSIQ selector restricted16,
kligler,natiCSY04_06,classical_shadow_0.40,5.684424369254934,55.38790130615234,21.612879643539223,0.93524569272995,0.2191403638598417,MUSIQ selector restricted16,
kligler,natiCSY04_14,classical_shadow_0.40,5.701773738917206,54.66962432861328,21.24479329493348,0.9200295209884644,0.2155270010056836,MUSIQ selector restricted16,
kligler,natiCSY04_15,classical_shadow_0.40,6.045730727782379,54.088478088378906,21.44163562676946,0.921844482421875,0.2321148521432704,MUSIQ selector restricted16,
kligler,natiCSY06_02,docres_binarization,20.31420233749477,51.23622894287109,8.024953105447125,0.5957550406455994,0.8799105445490154,MUSIQ selector restricted16,
kligler,natiCSY06_04,docres_binarization,21.320501344344745,52.02023696899414,7.5586964175139,0.6141811609268188,0.8836360308793135,MUSIQ selector restricted16,
kligler,natiCSY06_11,docres_binarization,20.68795719933407,47.7434196472168,7.814344355077446,0.6124207973480225,0.8756107151559567,MUSIQ selector restricted16,
kligler,natiCSY06_12,docres_binarization,20.83391314721511,52.23480224609375,8.460015323356497,0.5675462484359741,0.8881525794586128,MUSIQ selector restricted16,
kligler,natiCSY06_14,docres_binarization,20.55627827726968,46.753902435302734,7.561044475668794,0.6244892477989197,0.8691864337191045,MUSIQ selector restricted16,
kligler,natiCSY07_08,docres_binarization,18.80618431197976,52.62049102783203,11.586584603279896,0.8055713772773743,0.7013810184927375,MUSIQ selector restricted16,
kligler,natiCSY07_13,docres_binarization,18.849244746120338,54.03030014038086,11.578438030517963,0.8059125542640686,0.7116707452999343,MUSIQ selector restricted16,
compound_proxy,000004_jung_005_v00,classical_shadow_0.70,,,14.48391547645153,0.4385234713554382,0.1942333277812462,DeQA-Doc selector restricted16,2.90234375
compound_proxy,000004_jung_005_v01,input,,,14.69685024454296,0.4757738411426544,1.738122645811302e-10,DeQA-Doc selector restricted16,2.24609375
compound_proxy,000005_jung_006_v00,classical_shadow_0.25,,,22.32562839850612,0.9489157795906068,0.0559291617460176,DeQA-Doc selector restricted16,2.9921875
compound_proxy,000005_jung_006_v01,input,,,23.128856299981784,0.7458389401435852,8.376769278228836e-11,DeQA-Doc selector restricted16,2.798828125
compound_proxy,000013_jung_014_v00,docres_binarization,,,12.398041678161029,0.3900440335273742,0.691450993712377,DeQA-Doc selector restricted16,4.2890625
compound_proxy,000013_jung_014_v01,input,,,12.556807121434144,0.8876048922538757,8.298911557957922e-12,DeQA-Doc selector restricted16,2.9375
compound_proxy,000016_jung_017_v00,docres_binarization,,,13.748966931248424,0.5529145002365112,0.6710767279609654,DeQA-Doc selector restricted16,4.265625
compound_proxy,000016_jung_017_v01,docres_appearance,,,20.209955120385395,0.937617838382721,0.4378687503285227,DeQA-Doc selector restricted16,2.68359375
compound_proxy,000023_jung_024_v00,docres_appearance,,,16.445974585075895,0.9341612458229064,0.3338394937666252,DeQA-Doc selector restricted16,3.482421875
compound_proxy,000023_jung_024_v01,input,,,14.587736879914749,0.6324447989463806,1.2896583800880989e-11,DeQA-Doc selector restricted16,3.126953125
compound_proxy,000025_jung_026_v00,classical_shadow_0.70,,,16.32110507119156,0.7109611630439758,0.4059647500755958,DeQA-Doc selector restricted16,3.103515625
compound_proxy,000025_jung_026_v01,docres_appearance,,,16.116676679222596,0.918942093849182,0.7023349967602878,DeQA-Doc selector restricted16,3.09765625
compound_proxy,000030_jung_031_v00,docres_binarization,,,14.609569208752736,0.7337793111801147,0.8308296535616678,DeQA-Doc selector restricted16,4.25390625
compound_proxy,000030_jung_031_v01,docres_classical040_blend_0.80,,,25.088804901890207,0.9891370534896852,0.3819838588198206,DeQA-Doc selector restricted16,3.013671875
compound_proxy,000031_jung_032_v00,classical_shadow_0.70,,,20.69736577860948,0.9834629893302916,0.2464813037001098,DeQA-Doc selector restricted16,2.953125
compound_proxy,000031_jung_032_v01,docres_appearance,,,18.607388419631533,0.9290671348571776,0.5154889407136265,DeQA-Doc selector restricted16,2.994140625
compound_proxy,000037_jung_038_v00,classical_shadow_0.40,,,14.64376528715432,0.5151898264884949,0.6004498875026397,DeQA-Doc selector restricted16,2.1953125
compound_proxy,000037_jung_038_v01,classical_shadow_0.25,,,15.93429238022589,0.7253088355064392,0.4999554244133989,DeQA-Doc selector restricted16,2.669921875
compound_proxy,000038_jung_039_v00,docres_appearance,,,19.98973581416919,0.924962282180786,0.1894157157262263,DeQA-Doc selector restricted16,2.921875
compound_proxy,000038_jung_039_v01,docres_input_blend_0.70,,,22.973249434273896,0.7097942233085632,0.2284691166797015,DeQA-Doc selector restricted16,2.802734375
compound_proxy,000043_jung_044_v00,docres_binarization,,,14.02218452801764,0.5330193638801575,0.8055763441454697,DeQA-Doc selector restricted16,4.25
compound_proxy,000043_jung_044_v01,input,,,10.309659533191022,0.6059492230415344,0.45,DeQA-Doc selector restricted16,2.34375
compound_proxy,000046_jung_047_v00,input,,,19.84646850224192,0.5665767192840576,1.1213580064506344e-11,DeQA-Doc selector restricted16,2.927734375
compound_proxy,000046_jung_047_v01,input,,,21.115436810641807,0.5974705815315247,8.999999795422653e-09,DeQA-Doc selector restricted16,2.6796875
compound_proxy,000050_jung_051_v00,classical_shadow_0.25,,,16.52783130527954,0.9085131883621216,0.3677007727320982,DeQA-Doc selector restricted16,2.9140625
compound_proxy,000050_jung_051_v01,input,,,17.400681432148847,0.6850643157958984,2.3796934423003794e-10,DeQA-Doc selector restricted16,2.25390625
compound_proxy,000051_jung_052_v00,classical_shadow_0.40,,,18.447216706825117,0.5622367858886719,0.0824678957096193,DeQA-Doc selector restricted16,2.779296875
compound_proxy,000051_jung_052_v01,docres_binarization,,,14.169333614627844,0.6138602495193481,0.8975938825725546,DeQA-Doc selector restricted16,3.375
compound_proxy,000057_jung_058_v00,classical_shadow_0.40,,,18.31294317032545,0.5940095782279968,0.1186953506005424,DeQA-Doc selector restricted16,2.87109375
compound_proxy,000057_jung_058_v01,docres_binarization,,,13.475358129771704,0.6602646112442017,0.519318782112445,DeQA-Doc selector restricted16,4.25
dibco18,dibco18_001,docres_binarization,,,24.626949580766507,0.9783604145050048,0.4351234962315039,DeQA-Doc selector restricted16,2.748046875
dibco18,dibco18_007,docres_binarization,,,19.87314393729221,0.9393539428710938,0.384677976958401,DeQA-Doc selector restricted16,2.361328125
dibco18,dibco18_008,docres_binarization,,,19.496589516540503,0.946095645427704,0.3942682441082771,DeQA-Doc selector restricted16,3.00390625
dibco19,dibco19_a_008,docres_binarization,,,19.782312627097905,0.951031506061554,0.4706250245906201,DeQA-Doc selector restricted16,3.373046875
jung,jung_003,docres_deshadow,,,24.90146317398998,0.9441502690315248,0.4090709381687542,DeQA-Doc selector restricted16,2.982421875
jung,jung_020,docres_appearance,,,20.133151334759813,0.8988394737243652,0.3085212479185983,DeQA-Doc selector restricted16,3.0546875
jung,jung_029,docres_appearance,,,18.27160297560114,0.8265405893325806,0.3223861251280919,DeQA-Doc selector restricted16,3.18359375
jung,jung_046,docres_appearance,,,18.165520861535967,0.9065423011779784,0.2901236523528395,DeQA-Doc selector restricted16,3.1640625
jung,jung_048,docres_appearance,,,17.97807373563459,0.9081689715385436,0.3660047264705612,DeQA-Doc selector restricted16,3.0234375
jung,jung_052,input,,,15.901095470950338,0.9278212785720824,1.0114659110271871e-11,DeQA-Doc selector restricted16,2.8828125
jung,jung_053,docres_appearance,,,17.694904846322967,0.8901000022888184,0.4456117979960328,DeQA-Doc selector restricted16,3.15234375
jung,jung_058,docres_appearance,,,17.140690341294487,0.9106720089912416,0.3341974390732317,DeQA-Doc selector restricted16,3.09765625
jung,jung_061,docres_appearance,,,17.13219898725952,0.8962484002113342,0.3728821979067236,DeQA-Doc selector restricted16,3.498046875
jung,jung_063,classical_shadow_0.70,,,18.09766990167966,0.882344663143158,0.3173511072663788,DeQA-Doc selector restricted16,2.943359375
jung,jung_067,docres_appearance,,,18.78600737547218,0.8293814063072205,0.445131731890341,DeQA-Doc selector restricted16,3.140625
jung,jung_069,docres_appearance,,,18.353444169116376,0.8335286974906921,0.3772843951487537,DeQA-Doc selector restricted16,3.259765625
jung,jung_074,classical_shadow_0.70,,,14.41799400658101,0.8078306317329407,0.3434041115005305,DeQA-Doc selector restricted16,2.994140625
jung,jung_075,docres_appearance,,,16.62636149701912,0.933932602405548,0.4399586616208299,DeQA-Doc selector restricted16,3.51953125
jung,jung_082,docres_appearance,,,17.11939869401059,0.9457695484161376,0.2261886708214351,DeQA-Doc selector restricted16,3.248046875
kligler,natiCHW01_06,docres_appearance,,,10.512637225805769,0.7901220917701721,0.6618816527798452,DeQA-Doc selector restricted16,3.40234375
kligler,natiCHW02_04,docres_appearance,,,9.202600793472248,0.7874809503555298,0.4535876893723989,DeQA-Doc selector restricted16,3.34765625
kligler,natiCHW02_05,docres_appearance,,,9.23134952739787,0.7836911678314209,0.4952649633091645,DeQA-Doc selector restricted16,3.353515625
kligler,natiCHW03_05,docres_appearance,,,10.43930328114369,0.8486416339874268,0.5659269210623616,DeQA-Doc selector restricted16,3.119140625
kligler,natiCHW04_03,docres_appearance,,,10.3987190747173,0.8408867120742798,0.6453148495800715,DeQA-Doc selector restricted16,3.33203125
kligler,natiCHW04_05,docres_deshadow,,,29.9591998686462,0.9597363471984864,0.5876784150621864,DeQA-Doc selector restricted16,3.298828125
kligler,natiCHW04_12,docres_deshadow,,,32.74821012207953,0.9644644260406494,0.5611008369326609,DeQA-Doc selector restricted16,3.3125
kligler,natiCPO01_02,docres_appearance,,,10.838866972378394,0.8498168587684631,0.6149810951479442,DeQA-Doc selector restricted16,3.671875
kligler,natiCPO02_02,docres_appearance,,,12.56763833470512,0.8494038581848145,0.5392438992403392,DeQA-Doc selector restricted16,3.720703125
kligler,natiCPO03_01,docres_appearance,,,11.648841732103303,0.8781389594078064,0.5428272489530724,DeQA-Doc selector restricted16,3.46484375
kligler,natiCPO03_09,docres_appearance,,,11.68287910590237,0.8796670436859131,0.5432574975017785,DeQA-Doc selector restricted16,3.466796875
kligler,natiCPO04_04,docres_appearance,,,12.38139315430828,0.8598885536193848,0.5471571324818028,DeQA-Doc selector restricted16,3.248046875
kligler,natiCPO04_08,docres_appearance,,,12.335620873978009,0.8627111315727234,0.5450892177682355,DeQA-Doc selector restricted16,3.2578125
kligler,natiCPO05_01,docres_appearance,,,15.525662457115622,0.9285998940467834,0.3836701319426418,DeQA-Doc selector restricted16,3.916015625
kligler,natiCPO06_04,docres_binarization,,,9.498302240618433,0.6541247367858887,0.7477280294986772,DeQA-Doc selector restricted16,3.90625
kligler,natiCPO06_05,docres_binarization,,,8.891905379262703,0.6661391854286194,0.7803237633691714,DeQA-Doc selector restricted16,4.1328125
kligler,natiCPO06_06,docres_binarization,,,8.963020702741485,0.6685014367103577,0.7731266856718638,DeQA-Doc selector restricted16,3.8203125
kligler,natiCPO06_10,docres_appearance,,,13.11517896089228,0.8781254887580872,0.5467787179266351,DeQA-Doc selector restricted16,3.859375
kligler,natiCPO07_03,docres_appearance,,,12.327481149741978,0.8943942189216614,0.6327365350786768,DeQA-Doc selector restricted16,2.978515625
kligler,natiCPO07_09,docres_appearance,,,12.22290820773243,0.8683795928955078,0.5946314046475666,DeQA-Doc selector restricted16,2.931640625
kligler,natiCPO07_12,docres_appearance,,,12.214332543269762,0.877423882484436,0.5651240670069375,DeQA-Doc selector restricted16,2.9921875
kligler,natiCPO08_01,docres_appearance,,,13.68362928575958,0.906341314315796,0.4448233630250636,DeQA-Doc selector restricted16,3.55078125
kligler,natiCPO08_02,docres_appearance,,,13.604375899113496,0.8917612433433533,0.4462425117344027,DeQA-Doc selector restricted16,3.625
kligler,natiCPO08_05,docres_appearance,,,13.505715225059426,0.9013870358467102,0.4465799972901827,DeQA-Doc selector restricted16,3.587890625
kligler,natiCPO08_06,docres_appearance,,,13.783043914629614,0.8947057723999023,0.4435313274317993,DeQA-Doc selector restricted16,3.619140625
kligler,natiCPR01_01,docres_deshadow,,,25.132008615588617,0.968149483203888,0.3636660446692217,DeQA-Doc selector restricted16,3.3203125
kligler,natiCPR01_10,docres_appearance,,,13.185867611693263,0.8943769931793213,0.4119309550529202,DeQA-Doc selector restricted16,3.50390625
kligler,natiCPR01_11,docres_appearance,,,13.28205263096029,0.8750877380371094,0.427892456856167,DeQA-Doc selector restricted16,3.349609375
kligler,natiCPR01_14,docres_deshadow,,,24.077669140810485,0.9337374567985536,0.3310133833836374,DeQA-Doc selector restricted16,3.34765625
kligler,natiCPR02_10,docres_classical040_blend_0.90,,,27.83009729563373,0.9412931799888612,0.4073118563097932,DeQA-Doc selector restricted16,3.22265625
kligler,natiCPR02_12,docres_classical040_blend_0.90,,,27.01449364681279,0.9400250911712646,0.4230672139610427,DeQA-Doc selector restricted16,3.24609375
kligler,natiCPR03_07,docres_appearance,,,11.390872529526185,0.8714666366577148,0.4527604548752049,DeQA-Doc selector restricted16,3.177734375
kligler,natiCPR03_09,docres_deshadow,,,26.50836204744399,0.9668396711349488,0.3754788267472306,DeQA-Doc selector restricted16,3.16796875
kligler,natiCPR03_11,docres_classical040_blend_0.95,,,28.71553764773747,0.9630534648895264,0.4183614435595884,DeQA-Doc selector restricted16,3.1875
kligler,natiCPR04_06,docres_appearance,,,10.294603978646492,0.8496800065040588,0.5199487193361441,DeQA-Doc selector restricted16,3.447265625
kligler,natiCPR04_09,docres_appearance,,,10.284944871935584,0.8459132313728333,0.5156460157663083,DeQA-Doc selector restricted16,3.470703125
kligler,natiCPR04_11,docres_appearance,,,10.290572663622797,0.8490736484527588,0.5194675124520574,DeQA-Doc selector restricted16,3.484375
kligler,natiCPR05_03,docres_appearance,,,10.98995775728347,0.8687472343444824,0.5417830401193574,DeQA-Doc selector restricted16,4.01171875
kligler,natiCPR05_07,docres_appearance,,,10.982669217866546,0.8688390851020813,0.5286428546046753,DeQA-Doc selector restricted16,3.966796875
kligler,natiCPR05_12,docres_binarization,,,9.810394418064137,0.771934449672699,0.7135347119699699,DeQA-Doc selector restricted16,4.24609375
kligler,natiCSY01_02,docres_appearance,,,11.224712449218304,0.844923198223114,0.5648515036357808,DeQA-Doc selector restricted16,3.931640625
kligler,natiCSY01_04,docres_appearance,,,11.277328969810672,0.8467466235160828,0.568071515026345,DeQA-Doc selector restricted16,3.849609375
kligler,natiCSY01_07,docres_appearance,,,11.309003064674329,0.8465267419815063,0.576899417134699,DeQA-Doc selector restricted16,3.806640625
kligler,natiCSY01_08,docres_binarization,,,9.301133627510422,0.6842060685157776,0.7439833847823019,DeQA-Doc selector restricted16,3.90234375
kligler,natiCSY01_11,docres_binarization,,,9.234601131978902,0.6637946963310242,0.7325261119280397,DeQA-Doc selector restricted16,4.13671875
kligler,natiCSY01_12,docres_binarization,,,9.400816232330287,0.6891220211982727,0.7398526779755145,DeQA-Doc selector restricted16,3.994140625
kligler,natiCSY01_15,docres_appearance,,,11.301758891533924,0.8646484017372131,0.5191006249373312,DeQA-Doc selector restricted16,3.8984375
kligler,natiCSY02_01,docres_appearance,,,10.59687879865399,0.8599402904510498,0.4984906316318225,DeQA-Doc selector restricted16,3.671875
kligler,natiCSY02_02,docres_appearance,,,10.606235658033428,0.8596206903457642,0.4838239811918128,DeQA-Doc selector restricted16,3.669921875
kligler,natiCSY02_10,docres_appearance,,,10.612366588373996,0.8597292304039001,0.4899228487871263,DeQA-Doc selector restricted16,3.64453125
kligler,natiCSY03_02,docres_appearance,,,12.00299815992248,0.8940643668174744,0.4446492782073744,DeQA-Doc selector restricted16,3.126953125
kligler,natiCSY03_03,docres_appearance,,,11.982203235450651,0.8958446383476257,0.5087641792952089,DeQA-Doc selector restricted16,3.134765625
kligler,natiCSY03_05,docres_appearance,,,12.00305197683731,0.8933176398277283,0.5146872901959759,DeQA-Doc selector restricted16,3.166015625
kligler,natiCSY03_06,docres_appearance,,,11.984826086623093,0.8899948000907898,0.5120750136427572,DeQA-Doc selector restricted16,3.154296875
kligler,natiCSY04_06,docres_appearance,,,12.592448207187164,0.8955166339874268,0.4783539781917502,DeQA-Doc selector restricted16,2.873046875
kligler,natiCSY04_14,docres_appearance,,,12.555390890181998,0.8861660957336426,0.4866998039451644,DeQA-Doc selector restricted16,2.869140625
kligler,natiCSY04_15,docres_appearance,,,12.585915215730124,0.8804551959037781,0.4493000865961155,DeQA-Doc selector restricted16,2.845703125
kligler,natiCSY06_02,docres_classical040_blend_0.70,,,22.35384480996517,0.9233658909797668,0.3463220999504012,DeQA-Doc selector restricted16,2.94921875
kligler,natiCSY06_04,docres_appearance,,,14.985972975891428,0.8794482350349426,0.6321591721155407,DeQA-Doc selector restricted16,2.947265625
kligler,natiCSY06_11,docres_appearance,,,14.476857354171852,0.891823410987854,0.4130677313384542,DeQA-Doc selector restricted16,2.955078125
kligler,natiCSY06_12,docres_appearance,,,14.893840035560553,0.8894296288490295,0.6499995847526981,DeQA-Doc selector restricted16,2.935546875
kligler,natiCSY06_14,docres_appearance,,,14.42772263189081,0.8881950974464417,0.4707280360908972,DeQA-Doc selector restricted16,2.96484375
kligler,natiCSY07_08,docres_appearance,,,13.434218922866418,0.919090986251831,0.5519787600219433,DeQA-Doc selector restricted16,3.509765625
kligler,natiCSY07_13,docres_appearance,,,13.418275387819264,0.9215729832649232,0.5509310236188393,DeQA-Doc selector restricted16,3.451171875
