dataset,sample_id,candidate,psnr,ssim,content_risk,deqadoc,selector
compound_proxy,000004_jung_005_v00,classical_shadow_0.70,14.48391547645153,0.43852347135543823,0.19423332778124622,2.90234375,DeQA-Doc selector
compound_proxy,000004_jung_005_v01,input,14.696850244542961,0.4757738411426544,1.738122645811302e-10,2.24609375,DeQA-Doc selector
compound_proxy,000005_jung_006_v00,classical_shadow_0.55,21.288183541681516,0.9664180278778076,0.10319517965464575,2.994140625,DeQA-Doc selector
compound_proxy,000005_jung_006_v01,input,23.128856299981784,0.7458389401435852,8.376769278228836e-11,2.798828125,DeQA-Doc selector
compound_proxy,000013_jung_014_v00,docres_binarization,12.398041678161027,0.39004403352737427,0.691450993712377,4.2890625,DeQA-Doc selector
compound_proxy,000013_jung_014_v01,input,12.556807121434144,0.8876048922538757,8.298911557957922e-12,2.9375,DeQA-Doc selector
compound_proxy,000016_jung_017_v00,docres_binarization,13.748966931248425,0.5529145002365112,0.6710767279609654,4.265625,DeQA-Doc selector
compound_proxy,000016_jung_017_v01,docres_appearance,20.209955120385395,0.937617838382721,0.4378687503285227,2.68359375,DeQA-Doc selector
compound_proxy,000023_jung_024_v00,docres_appearance,16.445974585075895,0.9341612458229065,0.33383949376662525,3.482421875,DeQA-Doc selector
compound_proxy,000023_jung_024_v01,input,14.587736879914747,0.6324447989463806,1.289658380088099e-11,3.126953125,DeQA-Doc selector
compound_proxy,000025_jung_026_v00,classical_shadow_0.55,17.12165779036259,0.7212628722190857,0.38047881228062774,3.103515625,DeQA-Doc selector
compound_proxy,000025_jung_026_v01,docres_appearance,16.116676679222596,0.9189420938491821,0.7023349967602878,3.09765625,DeQA-Doc selector
compound_proxy,000030_jung_031_v00,docres_binarization,14.609569208752735,0.7337793111801147,0.8308296535616678,4.25390625,DeQA-Doc selector
compound_proxy,000030_jung_031_v01,docres_classical040_blend_0.80,25.088804901890207,0.9891370534896851,0.38198385881982067,3.013671875,DeQA-Doc selector
compound_proxy,000031_jung_032_v00,classical_shadow_0.70,20.697365778609477,0.9834629893302917,0.24648130370010984,2.953125,DeQA-Doc selector
compound_proxy,000031_jung_032_v01,docres_appearance,18.607388419631533,0.9290671348571777,0.5154889407136265,2.994140625,DeQA-Doc selector
compound_proxy,000037_jung_038_v00,classical_shadow_0.40,14.64376528715432,0.5151898264884949,0.6004498875026397,2.1953125,DeQA-Doc selector
compound_proxy,000037_jung_038_v01,classical_shadow_0.25,15.93429238022589,0.7253088355064392,0.49995542441339896,2.669921875,DeQA-Doc selector
compound_proxy,000038_jung_039_v00,docres_appearance,19.98973581416919,0.9249622821807861,0.18941571572622634,2.921875,DeQA-Doc selector
compound_proxy,000038_jung_039_v01,docres_input_blend_0.70,22.973249434273896,0.7097942233085632,0.2284691166797015,2.802734375,DeQA-Doc selector
compound_proxy,000043_jung_044_v00,docres_binarization,14.02218452801764,0.5330193638801575,0.8055763441454697,4.25,DeQA-Doc selector
compound_proxy,000043_jung_044_v01,input,10.309659533191022,0.6059492230415344,0.45,2.34375,DeQA-Doc selector
compound_proxy,000046_jung_047_v00,input,19.846468502241922,0.5665767192840576,1.1213580064506345e-11,2.927734375,DeQA-Doc selector
compound_proxy,000046_jung_047_v01,input,21.115436810641807,0.5974705815315247,8.999999795422653e-09,2.6796875,DeQA-Doc selector
compound_proxy,000050_jung_051_v00,classical_shadow_0.25,16.52783130527954,0.9085131883621216,0.3677007727320982,2.9140625,DeQA-Doc selector
compound_proxy,000050_jung_051_v01,input,17.400681432148847,0.6850643157958984,2.3796934423003794e-10,2.25390625,DeQA-Doc selector
compound_proxy,000051_jung_052_v00,classical_shadow_0.40,18.447216706825113,0.5622367858886719,0.0824678957096193,2.779296875,DeQA-Doc selector
compound_proxy,000051_jung_052_v01,docres_binarization,14.169333614627844,0.6138602495193481,0.8975938825725546,3.375,DeQA-Doc selector
compound_proxy,000057_jung_058_v00,classical_shadow_0.40,18.31294317032545,0.5940095782279968,0.11869535060054241,2.87109375,DeQA-Doc selector
compound_proxy,000057_jung_058_v01,docres_binarization,13.475358129771703,0.6602646112442017,0.519318782112445,4.25,DeQA-Doc selector
jung,jung_020,docres_classical040_blend_0.90,22.37386231195973,0.933370053768158,0.18492561647972416,3.0546875,DeQA-Doc selector
jung,jung_029,docres_appearance,18.27160297560114,0.8265405893325806,0.32238612512809195,3.18359375,DeQA-Doc selector
jung,jung_003,docres_deshadow,24.90146317398998,0.9441502690315247,0.4090709381687542,2.982421875,DeQA-Doc selector
jung,jung_046,docres_appearance,18.165520861535967,0.9065423011779785,0.29012365235283955,3.1640625,DeQA-Doc selector
jung,jung_048,docres_appearance,17.97807373563459,0.9081689715385437,0.3660047264705612,3.0234375,DeQA-Doc selector
jung,jung_052,input,15.901095470950338,0.9278212785720825,1.0114659110271873e-11,2.8828125,DeQA-Doc selector
jung,jung_053,docres_appearance,17.694904846322967,0.8901000022888184,0.4456117979960328,3.15234375,DeQA-Doc selector
jung,jung_058,docres_appearance,17.140690341294487,0.9106720089912415,0.33419743907323174,3.09765625,DeQA-Doc selector
jung,jung_061,docres_appearance,17.13219898725952,0.8962484002113342,0.3728821979067236,3.498046875,DeQA-Doc selector
jung,jung_063,classical_shadow_0.55,20.197682464466165,0.8967881798744202,0.2332243567523214,2.953125,DeQA-Doc selector
jung,jung_067,docres_appearance,18.78600737547218,0.8293814063072205,0.44513173189034105,3.140625,DeQA-Doc selector
jung,jung_069,docres_appearance,18.353444169116376,0.8335286974906921,0.3772843951487537,3.259765625,DeQA-Doc selector
jung,jung_074,classical_shadow_0.55,16.791719038045297,0.8432938456535339,0.30576151491245374,3.0078125,DeQA-Doc selector
jung,jung_075,docres_appearance,16.62636149701912,0.9339326024055481,0.43995866162082997,3.51953125,DeQA-Doc selector
jung,jung_082,docres_appearance,17.11939869401059,0.9457695484161377,0.22618867082143512,3.248046875,DeQA-Doc selector
dibco18,dibco18_001,binary_docres_blend_0.90,23.731060170970594,0.9683055281639099,0.4163945489968175,2.81640625,DeQA-Doc selector
dibco18,dibco18_007,binary_input_blend_0.75,20.242810436585206,0.9414417743682861,0.3180768561166427,2.48046875,DeQA-Doc selector
dibco18,dibco18_008,docres_binarization,19.496589516540503,0.9460956454277039,0.39426824410827715,3.00390625,DeQA-Doc selector
dibco19,dibco19_a_008,docres_binarization,19.782312627097905,0.951031506061554,0.47062502459062017,3.373046875,DeQA-Doc selector
kligler,natiCHW01_06,binary_docres_blend_0.75,12.265243572005517,0.7833012342453003,0.5412510405823664,3.4140625,DeQA-Doc selector
kligler,natiCHW02_04,docres_appearance,9.202600793472248,0.7874809503555298,0.4535876893723989,3.34765625,DeQA-Doc selector
kligler,natiCHW02_05,docres_appearance,9.23134952739787,0.7836911678314209,0.4952649633091645,3.353515625,DeQA-Doc selector
kligler,natiCHW03_05,docres_appearance,10.43930328114369,0.8486416339874268,0.5659269210623616,3.119140625,DeQA-Doc selector
kligler,natiCHW04_03,docres_appearance,10.398719074717299,0.8408867120742798,0.6453148495800715,3.33203125,DeQA-Doc selector
kligler,natiCHW04_05,docres_deshadow,29.959199868646202,0.9597363471984863,0.5876784150621864,3.298828125,DeQA-Doc selector
kligler,natiCHW04_12,docres_deshadow,32.74821012207953,0.9644644260406494,0.5611008369326609,3.3125,DeQA-Doc selector
kligler,natiCPO01_02,docres_appearance,10.838866972378394,0.8498168587684631,0.6149810951479442,3.671875,DeQA-Doc selector
kligler,natiCPO02_02,docres_appearance,12.56763833470512,0.8494038581848145,0.5392438992403392,3.720703125,DeQA-Doc selector
kligler,natiCPO03_01,docres_appearance,11.648841732103305,0.8781389594078064,0.5428272489530724,3.46484375,DeQA-Doc selector
kligler,natiCPO03_09,docres_appearance,11.68287910590237,0.8796670436859131,0.5432574975017785,3.466796875,DeQA-Doc selector
kligler,natiCPO04_04,docres_appearance,12.381393154308281,0.8598885536193848,0.5471571324818028,3.248046875,DeQA-Doc selector
kligler,natiCPO04_08,docres_appearance,12.335620873978009,0.8627111315727234,0.5450892177682355,3.2578125,DeQA-Doc selector
kligler,natiCPO05_01,docres_appearance,15.525662457115622,0.9285998940467834,0.3836701319426418,3.916015625,DeQA-Doc selector
kligler,natiCPO06_04,docres_binarization,9.498302240618433,0.6541247367858887,0.7477280294986772,3.90625,DeQA-Doc selector
kligler,natiCPO06_05,docres_binarization,8.891905379262703,0.6661391854286194,0.7803237633691714,4.1328125,DeQA-Doc selector
kligler,natiCPO06_06,docres_binarization,8.963020702741485,0.6685014367103577,0.7731266856718638,3.8203125,DeQA-Doc selector
kligler,natiCPO06_10,docres_appearance,13.11517896089228,0.8781254887580872,0.5467787179266351,3.859375,DeQA-Doc selector
kligler,natiCPO07_03,docres_appearance,12.327481149741978,0.8943942189216614,0.6327365350786768,2.978515625,DeQA-Doc selector
kligler,natiCPO07_09,docres_appearance,12.22290820773243,0.8683795928955078,0.5946314046475666,2.931640625,DeQA-Doc selector
kligler,natiCPO07_12,docres_appearance,12.214332543269762,0.877423882484436,0.5651240670069375,2.9921875,DeQA-Doc selector
kligler,natiCPO08_01,docres_appearance,13.68362928575958,0.9063413143157959,0.44482336302506365,3.55078125,DeQA-Doc selector
kligler,natiCPO08_02,docres_appearance,13.604375899113496,0.8917612433433533,0.44624251173440277,3.625,DeQA-Doc selector
kligler,natiCPO08_05,docres_appearance,13.505715225059426,0.9013870358467102,0.4465799972901827,3.587890625,DeQA-Doc selector
kligler,natiCPO08_06,docres_appearance,13.783043914629614,0.8947057723999023,0.44353132743179935,3.619140625,DeQA-Doc selector
kligler,natiCPR01_01,docres_deshadow,25.132008615588617,0.9681494832038879,0.3636660446692217,3.3203125,DeQA-Doc selector
kligler,natiCPR01_10,docres_appearance,13.185867611693265,0.8943769931793213,0.4119309550529202,3.50390625,DeQA-Doc selector
kligler,natiCPR01_11,docres_appearance,13.28205263096029,0.8750877380371094,0.42789245685616706,3.349609375,DeQA-Doc selector
kligler,natiCPR01_14,docres_deshadow,24.077669140810485,0.9337374567985535,0.33101338338363745,3.34765625,DeQA-Doc selector
kligler,natiCPR02_10,docres_classical040_blend_0.90,27.83009729563373,0.9412931799888611,0.4073118563097932,3.22265625,DeQA-Doc selector
kligler,natiCPR02_12,docres_classical040_blend_0.90,27.01449364681279,0.9400250911712646,0.42306721396104274,3.24609375,DeQA-Doc selector
kligler,natiCPR03_07,docres_appearance,11.390872529526185,0.8714666366577148,0.4527604548752049,3.177734375,DeQA-Doc selector
kligler,natiCPR03_09,docres_deshadow,26.50836204744399,0.9668396711349487,0.3754788267472306,3.16796875,DeQA-Doc selector
kligler,natiCPR03_11,docres_classical040_blend_0.85,29.20223794062923,0.9645018577575684,0.415565097849249,3.1875,DeQA-Doc selector
kligler,natiCPR04_06,docres_appearance,10.294603978646492,0.8496800065040588,0.5199487193361441,3.447265625,DeQA-Doc selector
kligler,natiCPR04_09,docres_appearance,10.284944871935583,0.8459132313728333,0.5156460157663083,3.470703125,DeQA-Doc selector
kligler,natiCPR04_11,docres_appearance,10.290572663622797,0.8490736484527588,0.5194675124520574,3.484375,DeQA-Doc selector
kligler,natiCPR05_03,docres_appearance,10.98995775728347,0.8687472343444824,0.5417830401193574,4.01171875,DeQA-Doc selector
kligler,natiCPR05_07,docres_appearance,10.982669217866546,0.8688390851020813,0.5286428546046753,3.966796875,DeQA-Doc selector
kligler,natiCPR05_12,docres_binarization,9.810394418064135,0.771934449672699,0.7135347119699699,4.24609375,DeQA-Doc selector
kligler,natiCSY01_02,binary_docres_blend_0.90,10.28121003167736,0.7037529349327087,0.7050088896645256,3.9609375,DeQA-Doc selector
kligler,natiCSY01_04,docres_appearance,11.277328969810673,0.8467466235160828,0.568071515026345,3.849609375,DeQA-Doc selector
kligler,natiCSY01_07,docres_appearance,11.309003064674329,0.8465267419815063,0.576899417134699,3.806640625,DeQA-Doc selector
kligler,natiCSY01_08,docres_binarization,9.301133627510422,0.6842060685157776,0.7439833847823019,3.90234375,DeQA-Doc selector
kligler,natiCSY01_11,docres_binarization,9.234601131978902,0.6637946963310242,0.7325261119280397,4.13671875,DeQA-Doc selector
kligler,natiCSY01_12,binary_input_blend_0.90,10.55171088128441,0.7163307070732117,0.6994271603781449,4.0,DeQA-Doc selector
kligler,natiCSY01_15,docres_appearance,11.301758891533925,0.8646484017372131,0.5191006249373312,3.8984375,DeQA-Doc selector
kligler,natiCSY02_01,docres_appearance,10.59687879865399,0.8599402904510498,0.4984906316318225,3.671875,DeQA-Doc selector
kligler,natiCSY02_02,docres_appearance,10.606235658033427,0.8596206903457642,0.4838239811918128,3.669921875,DeQA-Doc selector
kligler,natiCSY02_10,docres_appearance,10.612366588373996,0.8597292304039001,0.48992284878712633,3.64453125,DeQA-Doc selector
kligler,natiCSY03_02,docres_appearance,12.00299815992248,0.8940643668174744,0.44464927820737443,3.126953125,DeQA-Doc selector
kligler,natiCSY03_03,docres_appearance,11.982203235450651,0.8958446383476257,0.5087641792952089,3.134765625,DeQA-Doc selector
kligler,natiCSY03_05,docres_appearance,12.00305197683731,0.8933176398277283,0.5146872901959759,3.166015625,DeQA-Doc selector
kligler,natiCSY03_06,docres_appearance,11.984826086623093,0.8899948000907898,0.5120750136427572,3.154296875,DeQA-Doc selector
kligler,natiCSY04_06,docres_appearance,12.592448207187164,0.8955166339874268,0.4783539781917502,2.873046875,DeQA-Doc selector
kligler,natiCSY04_14,docres_appearance,12.555390890181998,0.8861660957336426,0.48669980394516443,2.869140625,DeQA-Doc selector
kligler,natiCSY04_15,docres_appearance,12.585915215730124,0.8804551959037781,0.44930008659611553,2.845703125,DeQA-Doc selector
kligler,natiCSY06_02,docres_classical040_blend_0.70,22.353844809965175,0.9233658909797668,0.3463220999504012,2.94921875,DeQA-Doc selector
kligler,natiCSY06_04,docres_appearance,14.985972975891428,0.8794482350349426,0.6321591721155407,2.947265625,DeQA-Doc selector
kligler,natiCSY06_11,docres_appearance,14.476857354171852,0.891823410987854,0.4130677313384542,2.955078125,DeQA-Doc selector
kligler,natiCSY06_12,docres_appearance,14.893840035560553,0.8894296288490295,0.6499995847526981,2.935546875,DeQA-Doc selector
kligler,natiCSY06_14,docres_appearance,14.42772263189081,0.8881950974464417,0.47072803609089725,2.96484375,DeQA-Doc selector
kligler,natiCSY07_08,docres_appearance,13.434218922866418,0.919090986251831,0.5519787600219433,3.509765625,DeQA-Doc selector
kligler,natiCSY07_13,docres_appearance,13.418275387819264,0.9215729832649231,0.5509310236188393,3.451171875,DeQA-Doc selector
