"dataset","sample_id","source_page_id","split"
"compound_proxy","000000_jung_001_v00","jung_001","train"
"compound_proxy","000000_jung_001_v01","jung_001","train"
"compound_proxy","000001_jung_002_v00","jung_002","train"
"compound_proxy","000001_jung_002_v01","jung_002","train"
"compound_proxy","000002_jung_003_v00","jung_003","train"
"compound_proxy","000002_jung_003_v01","jung_003","train"
"compound_proxy","000003_jung_004_v00","jung_004","train"
"compound_proxy","000003_jung_004_v01","jung_004","train"
"compound_proxy","000004_jung_005_v00","jung_005","val"
"compound_proxy","000004_jung_005_v01","jung_005","val"
"compound_proxy","000005_jung_006_v00","jung_006","val"
"compound_proxy","000005_jung_006_v01","jung_006","val"
"compound_proxy","000006_jung_007_v00","jung_007","train"
"compound_proxy","000006_jung_007_v01","jung_007","train"
"compound_proxy","000007_jung_008_v00","jung_008","train"
"compound_proxy","000007_jung_008_v01","jung_008","train"
"compound_proxy","000008_jung_009_v00","jung_009","train"
"compound_proxy","000008_jung_009_v01","jung_009","train"
"compound_proxy","000009_jung_010_v00","jung_010","train"
"compound_proxy","000009_jung_010_v01","jung_010","train"
"compound_proxy","000010_jung_011_v00","jung_011","train"
"compound_proxy","000010_jung_011_v01","jung_011","train"
"compound_proxy","000011_jung_012_v00","jung_012","train"
"compound_proxy","000011_jung_012_v01","jung_012","train"
"compound_proxy","000012_jung_013_v00","jung_013","train"
"compound_proxy","000012_jung_013_v01","jung_013","train"
"compound_proxy","000013_jung_014_v00","jung_014","val"
"compound_proxy","000013_jung_014_v01","jung_014","val"
"compound_proxy","000014_jung_015_v00","jung_015","train"
"compound_proxy","000014_jung_015_v01","jung_015","train"
"compound_proxy","000015_jung_016_v00","jung_016","train"
"compound_proxy","000015_jung_016_v01","jung_016","train"
"compound_proxy","000016_jung_017_v00","jung_017","val"
"compound_proxy","000016_jung_017_v01","jung_017","val"
"compound_proxy","000017_jung_018_v00","jung_018","train"
"compound_proxy","000017_jung_018_v01","jung_018","train"
"compound_proxy","000018_jung_019_v00","jung_019","train"
"compound_proxy","000018_jung_019_v01","jung_019","train"
"compound_proxy","000019_jung_020_v00","jung_020","train"
"compound_proxy","000019_jung_020_v01","jung_020","train"
"compound_proxy","000020_jung_021_v00","jung_021","train"
"compound_proxy","000020_jung_021_v01","jung_021","train"
"compound_proxy","000021_jung_022_v00","jung_022","train"
"compound_proxy","000021_jung_022_v01","jung_022","train"
"compound_proxy","000022_jung_023_v00","jung_023","train"
"compound_proxy","000022_jung_023_v01","jung_023","train"
"compound_proxy","000023_jung_024_v00","jung_024","val"
"compound_proxy","000023_jung_024_v01","jung_024","val"
"compound_proxy","000024_jung_025_v00","jung_025","train"
"compound_proxy","000024_jung_025_v01","jung_025","train"
"compound_proxy","000025_jung_026_v00","jung_026","val"
"compound_proxy","000025_jung_026_v01","jung_026","val"
"compound_proxy","000026_jung_027_v00","jung_027","train"
"compound_proxy","000026_jung_027_v01","jung_027","train"
"compound_proxy","000027_jung_028_v00","jung_028","train"
"compound_proxy","000027_jung_028_v01","jung_028","train"
"compound_proxy","000028_jung_029_v00","jung_029","train"
"compound_proxy","000028_jung_029_v01","jung_029","train"
"compound_proxy","000029_jung_030_v00","jung_030","train"
"compound_proxy","000029_jung_030_v01","jung_030","train"
"compound_proxy","000030_jung_031_v00","jung_031","val"
"compound_proxy","000030_jung_031_v01","jung_031","val"
"compound_proxy","000031_jung_032_v00","jung_032","val"
"compound_proxy","000031_jung_032_v01","jung_032","val"
"compound_proxy","000032_jung_033_v00","jung_033","train"
"compound_proxy","000032_jung_033_v01","jung_033","train"
"compound_proxy","000033_jung_034_v00","jung_034","train"
"compound_proxy","000033_jung_034_v01","jung_034","train"
"compound_proxy","000034_jung_035_v00","jung_035","train"
"compound_proxy","000034_jung_035_v01","jung_035","train"
"compound_proxy","000035_jung_036_v00","jung_036","train"
"compound_proxy","000035_jung_036_v01","jung_036","train"
"compound_proxy","000036_jung_037_v00","jung_037","train"
"compound_proxy","000036_jung_037_v01","jung_037","train"
"compound_proxy","000037_jung_038_v00","jung_038","val"
"compound_proxy","000037_jung_038_v01","jung_038","val"
"compound_proxy","000038_jung_039_v00","jung_039","val"
"compound_proxy","000038_jung_039_v01","jung_039","val"
"compound_proxy","000039_jung_040_v00","jung_040","train"
"compound_proxy","000039_jung_040_v01","jung_040","train"
"compound_proxy","000040_jung_041_v00","jung_041","train"
"compound_proxy","000040_jung_041_v01","jung_041","train"
"compound_proxy","000041_jung_042_v00","jung_042","train"
"compound_proxy","000041_jung_042_v01","jung_042","train"
"compound_proxy","000042_jung_043_v00","jung_043","train"
"compound_proxy","000042_jung_043_v01","jung_043","train"
"compound_proxy","000043_jung_044_v00","jung_044","val"
"compound_proxy","000043_jung_044_v01","jung_044","val"
"compound_proxy","000044_jung_045_v00","jung_045","train"
"compound_proxy","000044_jung_045_v01","jung_045","train"
"compound_proxy","000045_jung_046_v00","jung_046","train"
"compound_proxy","000045_jung_046_v01","jung_046","train"
"compound_proxy","000046_jung_047_v00","jung_047","val"
"compound_proxy","000046_jung_047_v01","jung_047","val"
"compound_proxy","000047_jung_048_v00","jung_048","train"
"compound_proxy","000047_jung_048_v01","jung_048","train"
"compound_proxy","000048_jung_049_v00","jung_049","train"
"compound_proxy","000048_jung_049_v01","jung_049","train"
"compound_proxy","000049_jung_050_v00","jung_050","train"
"compound_proxy","000049_jung_050_v01","jung_050","train"
"compound_proxy","000050_jung_051_v00","jung_051","val"
"compound_proxy","000050_jung_051_v01","jung_051","val"
"compound_proxy","000051_jung_052_v00","jung_052","val"
"compound_proxy","000051_jung_052_v01","jung_052","val"
"compound_proxy","000052_jung_053_v00","jung_053","train"
"compound_proxy","000052_jung_053_v01","jung_053","train"
"compound_proxy","000053_jung_054_v00","jung_054","train"
"compound_proxy","000053_jung_054_v01","jung_054","train"
"compound_proxy","000054_jung_055_v00","jung_055","train"
"compound_proxy","000054_jung_055_v01","jung_055","train"
"compound_proxy","000055_jung_056_v00","jung_056","train"
"compound_proxy","000055_jung_056_v01","jung_056","train"
"compound_proxy","000056_jung_057_v00","jung_057","train"
"compound_proxy","000056_jung_057_v01","jung_057","train"
"compound_proxy","000057_jung_058_v00","jung_058","val"
"compound_proxy","000057_jung_058_v01","jung_058","val"
"compound_proxy","000058_jung_059_v00","jung_059","train"
"compound_proxy","000058_jung_059_v01","jung_059","train"
"compound_proxy","000059_jung_060_v00","jung_060","train"
"compound_proxy","000059_jung_060_v01","jung_060","train"
"dibco18","dibco18_001","dibco18_001","val"
"dibco18","dibco18_002","dibco18_002","train"
"dibco18","dibco18_003","dibco18_003","train"
"dibco18","dibco18_004","dibco18_004","train"
"dibco18","dibco18_005","dibco18_005","train"
"dibco18","dibco18_006","dibco18_006","train"
"dibco18","dibco18_007","dibco18_007","val"
"dibco18","dibco18_008","dibco18_008","val"
"dibco18","dibco18_009","dibco18_009","train"
"dibco18","dibco18_010","dibco18_010","train"
"dibco19","dibco19_a_001","dibco19_a_001","train"
"dibco19","dibco19_a_002","dibco19_a_002","train"
"dibco19","dibco19_a_003","dibco19_a_003","train"
"dibco19","dibco19_a_004","dibco19_a_004","train"
"dibco19","dibco19_a_005","dibco19_a_005","train"
"dibco19","dibco19_a_006","dibco19_a_006","train"
"dibco19","dibco19_a_007","dibco19_a_007","train"
"dibco19","dibco19_a_008","dibco19_a_008","val"
"dibco19","dibco19_a_009","dibco19_a_009","train"
"dibco19","dibco19_a_010","dibco19_a_010","train"
"dibco19","dibco19_b_011","dibco19_b_011","train"
"dibco19","dibco19_b_012","dibco19_b_012","train"
"dibco19","dibco19_b_013","dibco19_b_013","train"
"dibco19","dibco19_b_014","dibco19_b_014","train"
"dibco19","dibco19_b_015","dibco19_b_015","train"
"dibco19","dibco19_b_016","dibco19_b_016","train"
"dibco19","dibco19_b_017","dibco19_b_017","train"
"dibco19","dibco19_b_018","dibco19_b_018","train"
"dibco19","dibco19_b_019","dibco19_b_019","train"
"dibco19","dibco19_b_020","dibco19_b_020","train"
"jung","jung_001","jung_001","train"
"jung","jung_002","jung_002","train"
"jung","jung_003","jung_003","val"
"jung","jung_004","jung_004","train"
"jung","jung_005","jung_005","train"
"jung","jung_006","jung_006","train"
"jung","jung_007","jung_007","train"
"jung","jung_008","jung_008","train"
"jung","jung_009","jung_009","train"
"jung","jung_010","jung_010","train"
"jung","jung_011","jung_011","train"
"jung","jung_012","jung_012","train"
"jung","jung_013","jung_013","train"
"jung","jung_014","jung_014","train"
"jung","jung_015","jung_015","train"
"jung","jung_016","jung_016","train"
"jung","jung_017","jung_017","train"
"jung","jung_018","jung_018","train"
"jung","jung_019","jung_019","train"
"jung","jung_020","jung_020","val"
"jung","jung_021","jung_021","train"
"jung","jung_022","jung_022","train"
"jung","jung_023","jung_023","train"
"jung","jung_024","jung_024","train"
"jung","jung_025","jung_025","train"
"jung","jung_026","jung_026","train"
"jung","jung_027","jung_027","train"
"jung","jung_028","jung_028","train"
"jung","jung_029","jung_029","val"
"jung","jung_030","jung_030","train"
"jung","jung_031","jung_031","train"
"jung","jung_032","jung_032","train"
"jung","jung_033","jung_033","train"
"jung","jung_034","jung_034","train"
"jung","jung_035","jung_035","train"
"jung","jung_036","jung_036","train"
"jung","jung_037","jung_037","train"
"jung","jung_038","jung_038","train"
"jung","jung_039","jung_039","train"
"jung","jung_040","jung_040","train"
"jung","jung_041","jung_041","train"
"jung","jung_042","jung_042","train"
"jung","jung_043","jung_043","train"
"jung","jung_044","jung_044","train"
"jung","jung_045","jung_045","train"
"jung","jung_046","jung_046","val"
"jung","jung_047","jung_047","train"
"jung","jung_048","jung_048","val"
"jung","jung_049","jung_049","train"
"jung","jung_050","jung_050","train"
"jung","jung_051","jung_051","train"
"jung","jung_052","jung_052","val"
"jung","jung_053","jung_053","val"
"jung","jung_054","jung_054","train"
"jung","jung_055","jung_055","train"
"jung","jung_056","jung_056","train"
"jung","jung_057","jung_057","train"
"jung","jung_058","jung_058","val"
"jung","jung_059","jung_059","train"
"jung","jung_060","jung_060","train"
"jung","jung_061","jung_061","val"
"jung","jung_062","jung_062","train"
"jung","jung_063","jung_063","val"
"jung","jung_064","jung_064","train"
"jung","jung_065","jung_065","train"
"jung","jung_066","jung_066","train"
"jung","jung_067","jung_067","val"
"jung","jung_068","jung_068","train"
"jung","jung_069","jung_069","val"
"jung","jung_070","jung_070","train"
"jung","jung_071","jung_071","train"
"jung","jung_072","jung_072","train"
"jung","jung_073","jung_073","train"
"jung","jung_074","jung_074","val"
"jung","jung_075","jung_075","val"
"jung","jung_076","jung_076","train"
"jung","jung_077","jung_077","train"
"jung","jung_078","jung_078","train"
"jung","jung_079","jung_079","train"
"jung","jung_080","jung_080","train"
"jung","jung_081","jung_081","train"
"jung","jung_082","jung_082","val"
"jung","jung_083","jung_083","train"
"jung","jung_084","jung_084","train"
"jung","jung_085","jung_085","train"
"jung","jung_086","jung_086","train"
"jung","jung_087","jung_087","train"
"kligler","natiCHW01_01","natiCHW01_01","train"
"kligler","natiCHW01_02","natiCHW01_02","train"
"kligler","natiCHW01_03","natiCHW01_03","train"
"kligler","natiCHW01_04","natiCHW01_04","train"
"kligler","natiCHW01_05","natiCHW01_05","train"
"kligler","natiCHW01_06","natiCHW01_06","val"
"kligler","natiCHW01_07","natiCHW01_07","train"
"kligler","natiCHW01_08","natiCHW01_08","train"
"kligler","natiCHW01_09","natiCHW01_09","train"
"kligler","natiCHW01_10","natiCHW01_10","train"
"kligler","natiCHW02_01","natiCHW02_01","train"
"kligler","natiCHW02_02","natiCHW02_02","train"
"kligler","natiCHW02_03","natiCHW02_03","train"
"kligler","natiCHW02_04","natiCHW02_04","val"
"kligler","natiCHW02_05","natiCHW02_05","val"
"kligler","natiCHW02_06","natiCHW02_06","train"
"kligler","natiCHW02_07","natiCHW02_07","train"
"kligler","natiCHW02_08","natiCHW02_08","train"
"kligler","natiCHW02_09","natiCHW02_09","train"
"kligler","natiCHW02_10","natiCHW02_10","train"
"kligler","natiCHW02_11","natiCHW02_11","train"
"kligler","natiCHW03_01","natiCHW03_01","train"
"kligler","natiCHW03_02","natiCHW03_02","train"
"kligler","natiCHW03_03","natiCHW03_03","train"
"kligler","natiCHW03_04","natiCHW03_04","train"
"kligler","natiCHW03_05","natiCHW03_05","val"
"kligler","natiCHW03_06","natiCHW03_06","train"
"kligler","natiCHW03_07","natiCHW03_07","train"
"kligler","natiCHW04_01","natiCHW04_01","train"
"kligler","natiCHW04_02","natiCHW04_02","train"
"kligler","natiCHW04_03","natiCHW04_03","val"
"kligler","natiCHW04_04","natiCHW04_04","train"
"kligler","natiCHW04_05","natiCHW04_05","val"
"kligler","natiCHW04_06","natiCHW04_06","train"
"kligler","natiCHW04_07","natiCHW04_07","train"
"kligler","natiCHW04_08","natiCHW04_08","train"
"kligler","natiCHW04_09","natiCHW04_09","train"
"kligler","natiCHW04_10","natiCHW04_10","train"
"kligler","natiCHW04_11","natiCHW04_11","train"
"kligler","natiCHW04_12","natiCHW04_12","val"
"kligler","natiCHW04_13","natiCHW04_13","train"
"kligler","natiCHW04_14","natiCHW04_14","train"
"kligler","natiCHW04_15","natiCHW04_15","train"
"kligler","natiCHW04_16","natiCHW04_16","train"
"kligler","natiCHW05_01","natiCHW05_01","train"
"kligler","natiCHW05_02","natiCHW05_02","train"
"kligler","natiCHW05_03","natiCHW05_03","train"
"kligler","natiCHW05_04","natiCHW05_04","train"
"kligler","natiCHW05_05","natiCHW05_05","train"
"kligler","natiCHW05_06","natiCHW05_06","train"
"kligler","natiCHW05_07","natiCHW05_07","train"
"kligler","natiCHW05_08","natiCHW05_08","train"
"kligler","natiCHW05_09","natiCHW05_09","train"
"kligler","natiCHW05_10","natiCHW05_10","train"
"kligler","natiCPO01_01","natiCPO01_01","train"
"kligler","natiCPO01_02","natiCPO01_02","val"
"kligler","natiCPO01_03","natiCPO01_03","train"
"kligler","natiCPO01_04","natiCPO01_04","train"
"kligler","natiCPO01_05","natiCPO01_05","train"
"kligler","natiCPO01_06","natiCPO01_06","train"
"kligler","natiCPO01_07","natiCPO01_07","train"
"kligler","natiCPO01_08","natiCPO01_08","train"
"kligler","natiCPO01_09","natiCPO01_09","train"
"kligler","natiCPO01_10","natiCPO01_10","train"
"kligler","natiCPO01_11","natiCPO01_11","train"
"kligler","natiCPO01_12","natiCPO01_12","train"
"kligler","natiCPO02_01","natiCPO02_01","train"
"kligler","natiCPO02_02","natiCPO02_02","val"
"kligler","natiCPO02_03","natiCPO02_03","train"
"kligler","natiCPO02_04","natiCPO02_04","train"
"kligler","natiCPO02_05","natiCPO02_05","train"
"kligler","natiCPO02_06","natiCPO02_06","train"
"kligler","natiCPO02_07","natiCPO02_07","train"
"kligler","natiCPO02_08","natiCPO02_08","train"
"kligler","natiCPO02_09","natiCPO02_09","train"
"kligler","natiCPO02_10","natiCPO02_10","train"
"kligler","natiCPO03_01","natiCPO03_01","val"
"kligler","natiCPO03_02","natiCPO03_02","train"
"kligler","natiCPO03_03","natiCPO03_03","train"
"kligler","natiCPO03_04","natiCPO03_04","train"
"kligler","natiCPO03_05","natiCPO03_05","train"
"kligler","natiCPO03_06","natiCPO03_06","train"
"kligler","natiCPO03_07","natiCPO03_07","train"
"kligler","natiCPO03_08","natiCPO03_08","train"
"kligler","natiCPO03_09","natiCPO03_09","val"
"kligler","natiCPO03_10","natiCPO03_10","train"
"kligler","natiCPO03_11","natiCPO03_11","train"
"kligler","natiCPO03_12","natiCPO03_12","train"
"kligler","natiCPO03_13","natiCPO03_13","train"
"kligler","natiCPO04_01","natiCPO04_01","train"
"kligler","natiCPO04_02","natiCPO04_02","train"
"kligler","natiCPO04_03","natiCPO04_03","train"
"kligler","natiCPO04_04","natiCPO04_04","val"
"kligler","natiCPO04_05","natiCPO04_05","train"
"kligler","natiCPO04_06","natiCPO04_06","train"
"kligler","natiCPO04_07","natiCPO04_07","train"
"kligler","natiCPO04_08","natiCPO04_08","val"
"kligler","natiCPO05_01","natiCPO05_01","val"
"kligler","natiCPO05_02","natiCPO05_02","train"
"kligler","natiCPO05_03","natiCPO05_03","train"
"kligler","natiCPO05_04","natiCPO05_04","train"
"kligler","natiCPO05_05","natiCPO05_05","train"
"kligler","natiCPO05_06","natiCPO05_06","train"
"kligler","natiCPO05_07","natiCPO05_07","train"
"kligler","natiCPO05_08","natiCPO05_08","train"
"kligler","natiCPO05_09","natiCPO05_09","train"
"kligler","natiCPO06_01","natiCPO06_01","train"
"kligler","natiCPO06_02","natiCPO06_02","train"
"kligler","natiCPO06_03","natiCPO06_03","train"
"kligler","natiCPO06_04","natiCPO06_04","val"
"kligler","natiCPO06_05","natiCPO06_05","val"
"kligler","natiCPO06_06","natiCPO06_06","val"
"kligler","natiCPO06_07","natiCPO06_07","train"
"kligler","natiCPO06_08","natiCPO06_08","train"
"kligler","natiCPO06_09","natiCPO06_09","train"
"kligler","natiCPO06_10","natiCPO06_10","val"
"kligler","natiCPO06_11","natiCPO06_11","train"
"kligler","natiCPO07_01","natiCPO07_01","train"
"kligler","natiCPO07_02","natiCPO07_02","train"
"kligler","natiCPO07_03","natiCPO07_03","val"
"kligler","natiCPO07_04","natiCPO07_04","train"
"kligler","natiCPO07_05","natiCPO07_05","train"
"kligler","natiCPO07_06","natiCPO07_06","train"
"kligler","natiCPO07_07","natiCPO07_07","train"
"kligler","natiCPO07_08","natiCPO07_08","train"
"kligler","natiCPO07_09","natiCPO07_09","val"
"kligler","natiCPO07_10","natiCPO07_10","train"
"kligler","natiCPO07_11","natiCPO07_11","train"
"kligler","natiCPO07_12","natiCPO07_12","val"
"kligler","natiCPO07_13","natiCPO07_13","train"
"kligler","natiCPO07_14","natiCPO07_14","train"
"kligler","natiCPO08_01","natiCPO08_01","val"
"kligler","natiCPO08_02","natiCPO08_02","val"
"kligler","natiCPO08_03","natiCPO08_03","train"
"kligler","natiCPO08_04","natiCPO08_04","train"
"kligler","natiCPO08_05","natiCPO08_05","val"
"kligler","natiCPO08_06","natiCPO08_06","val"
"kligler","natiCPO08_07","natiCPO08_07","train"
"kligler","natiCPO08_08","natiCPO08_08","train"
"kligler","natiCPO08_09","natiCPO08_09","train"
"kligler","natiCPO08_10","natiCPO08_10","train"
"kligler","natiCPO08_11","natiCPO08_11","train"
"kligler","natiCPO08_12","natiCPO08_12","train"
"kligler","natiCPO08_13","natiCPO08_13","train"
"kligler","natiCPO08_14","natiCPO08_14","train"
"kligler","natiCPR01_01","natiCPR01_01","val"
"kligler","natiCPR01_02","natiCPR01_02","train"
"kligler","natiCPR01_03","natiCPR01_03","train"
"kligler","natiCPR01_04","natiCPR01_04","train"
"kligler","natiCPR01_05","natiCPR01_05","train"
"kligler","natiCPR01_06","natiCPR01_06","train"
"kligler","natiCPR01_07","natiCPR01_07","train"
"kligler","natiCPR01_08","natiCPR01_08","train"
"kligler","natiCPR01_09","natiCPR01_09","train"
"kligler","natiCPR01_10","natiCPR01_10","val"
"kligler","natiCPR01_11","natiCPR01_11","val"
"kligler","natiCPR01_12","natiCPR01_12","train"
"kligler","natiCPR01_13","natiCPR01_13","train"
"kligler","natiCPR01_14","natiCPR01_14","val"
"kligler","natiCPR02_01","natiCPR02_01","train"
"kligler","natiCPR02_02","natiCPR02_02","train"
"kligler","natiCPR02_03","natiCPR02_03","train"
"kligler","natiCPR02_04","natiCPR02_04","train"
"kligler","natiCPR02_05","natiCPR02_05","train"
"kligler","natiCPR02_06","natiCPR02_06","train"
"kligler","natiCPR02_07","natiCPR02_07","train"
"kligler","natiCPR02_08","natiCPR02_08","train"
"kligler","natiCPR02_09","natiCPR02_09","train"
"kligler","natiCPR02_10","natiCPR02_10","val"
"kligler","natiCPR02_11","natiCPR02_11","train"
"kligler","natiCPR02_12","natiCPR02_12","val"
"kligler","natiCPR03_01","natiCPR03_01","train"
"kligler","natiCPR03_02","natiCPR03_02","train"
"kligler","natiCPR03_03","natiCPR03_03","train"
"kligler","natiCPR03_04","natiCPR03_04","train"
"kligler","natiCPR03_05","natiCPR03_05","train"
"kligler","natiCPR03_06","natiCPR03_06","train"
"kligler","natiCPR03_07","natiCPR03_07","val"
"kligler","natiCPR03_08","natiCPR03_08","train"
"kligler","natiCPR03_09","natiCPR03_09","val"
"kligler","natiCPR03_10","natiCPR03_10","train"
"kligler","natiCPR03_11","natiCPR03_11","val"
"kligler","natiCPR04_01","natiCPR04_01","train"
"kligler","natiCPR04_02","natiCPR04_02","train"
"kligler","natiCPR04_03","natiCPR04_03","train"
"kligler","natiCPR04_04","natiCPR04_04","train"
"kligler","natiCPR04_05","natiCPR04_05","train"
"kligler","natiCPR04_06","natiCPR04_06","val"
"kligler","natiCPR04_07","natiCPR04_07","train"
"kligler","natiCPR04_08","natiCPR04_08","train"
"kligler","natiCPR04_09","natiCPR04_09","val"
"kligler","natiCPR04_10","natiCPR04_10","train"
"kligler","natiCPR04_11","natiCPR04_11","val"
"kligler","natiCPR04_12","natiCPR04_12","train"
"kligler","natiCPR05_01","natiCPR05_01","train"
"kligler","natiCPR05_02","natiCPR05_02","train"
"kligler","natiCPR05_03","natiCPR05_03","val"
"kligler","natiCPR05_04","natiCPR05_04","train"
"kligler","natiCPR05_05","natiCPR05_05","train"
"kligler","natiCPR05_06","natiCPR05_06","train"
"kligler","natiCPR05_07","natiCPR05_07","val"
"kligler","natiCPR05_08","natiCPR05_08","train"
"kligler","natiCPR05_09","natiCPR05_09","train"
"kligler","natiCPR05_10","natiCPR05_10","train"
"kligler","natiCPR05_11","natiCPR05_11","train"
"kligler","natiCPR05_12","natiCPR05_12","val"
"kligler","natiCSY01_01","natiCSY01_01","train"
"kligler","natiCSY01_02","natiCSY01_02","val"
"kligler","natiCSY01_03","natiCSY01_03","train"
"kligler","natiCSY01_04","natiCSY01_04","val"
"kligler","natiCSY01_05","natiCSY01_05","train"
"kligler","natiCSY01_06","natiCSY01_06","train"
"kligler","natiCSY01_07","natiCSY01_07","val"
"kligler","natiCSY01_08","natiCSY01_08","val"
"kligler","natiCSY01_09","natiCSY01_09","train"
"kligler","natiCSY01_10","natiCSY01_10","train"
"kligler","natiCSY01_11","natiCSY01_11","val"
"kligler","natiCSY01_12","natiCSY01_12","val"
"kligler","natiCSY01_13","natiCSY01_13","train"
"kligler","natiCSY01_14","natiCSY01_14","train"
"kligler","natiCSY01_15","natiCSY01_15","val"
"kligler","natiCSY01_16","natiCSY01_16","train"
"kligler","natiCSY02_01","natiCSY02_01","val"
"kligler","natiCSY02_02","natiCSY02_02","val"
"kligler","natiCSY02_03","natiCSY02_03","train"
"kligler","natiCSY02_04","natiCSY02_04","train"
"kligler","natiCSY02_05","natiCSY02_05","train"
"kligler","natiCSY02_06","natiCSY02_06","train"
"kligler","natiCSY02_07","natiCSY02_07","train"
"kligler","natiCSY02_08","natiCSY02_08","train"
"kligler","natiCSY02_09","natiCSY02_09","train"
"kligler","natiCSY02_10","natiCSY02_10","val"
"kligler","natiCSY03_01","natiCSY03_01","train"
"kligler","natiCSY03_02","natiCSY03_02","val"
"kligler","natiCSY03_03","natiCSY03_03","val"
"kligler","natiCSY03_04","natiCSY03_04","train"
"kligler","natiCSY03_05","natiCSY03_05","val"
"kligler","natiCSY03_06","natiCSY03_06","val"
"kligler","natiCSY03_07","natiCSY03_07","train"
"kligler","natiCSY03_08","natiCSY03_08","train"
"kligler","natiCSY03_09","natiCSY03_09","train"
"kligler","natiCSY04_01","natiCSY04_01","train"
"kligler","natiCSY04_02","natiCSY04_02","train"
"kligler","natiCSY04_03","natiCSY04_03","train"
"kligler","natiCSY04_04","natiCSY04_04","train"
"kligler","natiCSY04_05","natiCSY04_05","train"
"kligler","natiCSY04_06","natiCSY04_06","val"
"kligler","natiCSY04_07","natiCSY04_07","train"
"kligler","natiCSY04_08","natiCSY04_08","train"
"kligler","natiCSY04_09","natiCSY04_09","train"
"kligler","natiCSY04_10","natiCSY04_10","train"
"kligler","natiCSY04_11","natiCSY04_11","train"
"kligler","natiCSY04_12","natiCSY04_12","train"
"kligler","natiCSY04_13","natiCSY04_13","train"
"kligler","natiCSY04_14","natiCSY04_14","val"
"kligler","natiCSY04_15","natiCSY04_15","val"
"kligler","natiCSY04_16","natiCSY04_16","train"
"kligler","natiCSY04_17","natiCSY04_17","train"
"kligler","natiCSY05_01","natiCSY05_01","train"
"kligler","natiCSY05_02","natiCSY05_02","train"
"kligler","natiCSY05_03","natiCSY05_03","train"
"kligler","natiCSY05_04","natiCSY05_04","train"
"kligler","natiCSY05_05","natiCSY05_05","train"
"kligler","natiCSY05_06","natiCSY05_06","train"
"kligler","natiCSY05_07","natiCSY05_07","train"
"kligler","natiCSY05_08","natiCSY05_08","train"
"kligler","natiCSY05_09","natiCSY05_09","train"
"kligler","natiCSY05_10","natiCSY05_10","train"
"kligler","natiCSY05_11","natiCSY05_11","train"
"kligler","natiCSY05_12","natiCSY05_12","train"
"kligler","natiCSY06_01","natiCSY06_01","train"
"kligler","natiCSY06_02","natiCSY06_02","val"
"kligler","natiCSY06_03","natiCSY06_03","train"
"kligler","natiCSY06_04","natiCSY06_04","val"
"kligler","natiCSY06_05","natiCSY06_05","train"
"kligler","natiCSY06_06","natiCSY06_06","train"
"kligler","natiCSY06_07","natiCSY06_07","train"
"kligler","natiCSY06_08","natiCSY06_08","train"
"kligler","natiCSY06_09","natiCSY06_09","train"
"kligler","natiCSY06_10","natiCSY06_10","train"
"kligler","natiCSY06_11","natiCSY06_11","val"
"kligler","natiCSY06_12","natiCSY06_12","val"
"kligler","natiCSY06_13","natiCSY06_13","train"
"kligler","natiCSY06_14","natiCSY06_14","val"
"kligler","natiCSY06_15","natiCSY06_15","train"
"kligler","natiCSY06_16","natiCSY06_16","train"
"kligler","natiCSY06_17","natiCSY06_17","train"
"kligler","natiCSY07_01","natiCSY07_01","train"
"kligler","natiCSY07_02","natiCSY07_02","train"
"kligler","natiCSY07_03","natiCSY07_03","train"
"kligler","natiCSY07_04","natiCSY07_04","train"
"kligler","natiCSY07_05","natiCSY07_05","train"
"kligler","natiCSY07_06","natiCSY07_06","train"
"kligler","natiCSY07_07","natiCSY07_07","train"
"kligler","natiCSY07_08","natiCSY07_08","val"
"kligler","natiCSY07_09","natiCSY07_09","train"
"kligler","natiCSY07_10","natiCSY07_10","train"
"kligler","natiCSY07_11","natiCSY07_11","train"
"kligler","natiCSY07_12","natiCSY07_12","train"
"kligler","natiCSY07_13","natiCSY07_13","val"
