sample_id,method,candidate,clean_char_count,input_char_count,char_count,line_count,mean_conf,ocr_proxy_cer_to_clean,ocr_drift_from_input,conf_gain_vs_input,char_gain_vs_input,line_gain_vs_input
mixeddoc_00742,input,input,1302,1295,1295,86,0.8052119610134161,0.4423963133640553,0.0,0.0,0,0
mixeddoc_00742,classical_shadow_0.40,classical_shadow_0.40,1302,1295,1312,87,0.8099979810269838,0.4298780487804878,0.1448170731707317,0.0047860200135677,17,1
mixeddoc_00742,docres_deshadow,docres_deshadow,1302,1295,1271,81,0.8163067482859442,0.4086021505376344,0.115057915057915,0.0110947872725281,-24,-5
mixeddoc_00742,no_qwen_selected,docres_deshadow,1302,1295,1271,81,0.8163067482859442,0.4086021505376344,0.115057915057915,0.0110947872725281,-24,-5
mixeddoc_00742,qwen_selected,input,1302,1295,1295,86,0.8052119610134161,0.4423963133640553,0.0,0.0,0,0
mixeddoc_00887,input,input,1192,1141,1141,127,0.7404347351434607,0.3582214765100671,0.0,0.0,0,0
mixeddoc_00887,classical_shadow_0.40,classical_shadow_0.40,1192,1141,1104,119,0.74674857690595,0.3364093959731543,0.1437335670464505,0.0063138417624892,-37,-8
mixeddoc_00887,docres_deshadow,docres_deshadow,1192,1141,1132,120,0.7613381798504403,0.3011744966442953,0.2042068361086766,0.0209034447069795,-9,-7
mixeddoc_00887,no_qwen_selected,docres_input_blend_0.90,1192,1141,1148,121,0.7576656018487795,0.2911073825503356,0.2125435540069686,0.0172308667053188,7,-6
mixeddoc_00887,qwen_selected,input,1192,1141,1141,127,0.7404347351434607,0.3582214765100671,0.0,0.0,0,0
mixeddoc_01830,input,input,637,48,48,3,0.5510330983052733,0.9513343799058084,0.0,0.0,0,0
mixeddoc_01830,classical_shadow_0.40,classical_shadow_0.40,637,48,57,4,0.5423229157880304,0.9403453689167977,0.4035087719298245,-0.0087101825172428,9,1
mixeddoc_01830,docres_deshadow,docres_deshadow,637,48,118,5,0.5278940979372652,0.8932496075353218,0.7966101694915254,-0.023139000368008,70,2
mixeddoc_01830,no_qwen_selected,docres_deshadow,637,48,118,5,0.5278940979372652,0.8932496075353218,0.7966101694915254,-0.023139000368008,70,2
mixeddoc_01830,qwen_selected,docres_input_blend_0.80,637,48,70,3,0.5214630476473712,0.9372056514913658,0.7571428571428571,-0.029570050657902,22,0
mixeddoc_00170,input,input,511,466,466,32,0.7998547725353133,0.1585127201565557,0.0,0.0,0,0
mixeddoc_00170,classical_shadow_0.40,classical_shadow_0.40,511,466,469,32,0.7909650139562054,0.1487279843444227,0.0277185501066098,-0.0088897585791078,3,0
mixeddoc_00170,docres_deshadow,docres_deshadow,511,466,502,35,0.7784822641325256,0.0978473581213307,0.1035856573705179,-0.0213725084027877,36,3
mixeddoc_00170,no_qwen_selected,docres_input_blend_0.90,511,466,471,32,0.7949155306309521,0.1448140900195694,0.0509554140127388,-0.0049392419043612,5,0
mixeddoc_00170,qwen_selected,docres_deshadow,511,466,502,35,0.7784822641325256,0.0978473581213307,0.1035856573705179,-0.0213725084027877,36,3
mixeddoc_00404,input,input,415,411,411,25,0.7601161249699782,0.1108433734939759,0.0,0.0,0,0
mixeddoc_00404,classical_shadow_0.40,classical_shadow_0.40,415,411,448,25,0.7638382020635666,0.1852678571428571,0.1651785714285714,0.0037220770935884,37,0
mixeddoc_00404,docres_deshadow,docres_deshadow,415,411,455,24,0.7716754483730172,0.1384615384615384,0.1604395604395604,0.011559323403039,44,-1
mixeddoc_00404,no_qwen_selected,docres_input_blend_0.80,415,411,417,23,0.7700449239189345,0.0623501199040767,0.1007194244604316,0.0099287989489563,6,-2
mixeddoc_00404,qwen_selected,docres_deshadow,415,411,455,24,0.7716754483730172,0.1384615384615384,0.1604395604395604,0.011559323403039,44,-1
mixeddoc_01382,input,input,3838,3753,3753,123,0.8744147211801929,0.12480458572173,0.0,0.0,0,0
mixeddoc_01382,classical_shadow_0.40,classical_shadow_0.40,3838,3753,3759,124,0.8703607849132333,0.1258467952058363,0.01170524075552,-0.0040539362669596,6,1
mixeddoc_01382,docres_deshadow,docres_deshadow,3838,3753,3761,125,0.8712482796802771,0.1122980719124544,0.0324381813347514,-0.0031664414999158,8,2
mixeddoc_01382,no_qwen_selected,docres_input_blend_0.90,3838,3753,3761,125,0.8730485240861212,0.1206357477853048,0.0401488965700611,-0.0013661970940717,8,2
mixeddoc_01382,qwen_selected,docres_deshadow,3838,3753,3761,125,0.8712482796802771,0.1122980719124544,0.0324381813347514,-0.0031664414999158,8,2
mixeddoc_00759,input,input,1482,772,772,79,0.7464597232073102,0.7199730094466936,0.0,0.0,0,0
mixeddoc_00759,classical_shadow_0.40,classical_shadow_0.40,1482,772,776,81,0.7573824926917025,0.7051282051282052,0.2873711340206185,0.0109227694843923,4,2
mixeddoc_00759,docres_deshadow,docres_deshadow,1482,772,826,83,0.7641462004300514,0.6929824561403509,0.2627118644067797,0.0176864772227411,54,4
mixeddoc_00759,no_qwen_selected,classical_shadow_0.40,1482,772,776,81,0.7573824926917025,0.7051282051282052,0.2873711340206185,0.0109227694843923,4,2
mixeddoc_00759,qwen_selected,docres_classical040_blend_0.90,1482,772,831,83,0.7607524953066381,0.6950067476383266,0.273164861612515,0.0142927720993278,59,4
mixeddoc_01113,input,input,884,956,956,36,0.7911972186148967,0.2343096234309623,0.0,0.0,0,0
mixeddoc_01113,classical_shadow_0.40,classical_shadow_0.40,884,956,949,35,0.7965850606307107,0.2434141201264489,0.0240585774058577,0.0053878420158139,-7,-1
mixeddoc_01113,docres_deshadow,docres_deshadow,884,956,958,36,0.8011535646646525,0.0908141962421711,0.1649269311064718,0.0099563460497558,2,0
mixeddoc_01113,no_qwen_selected,docres_classical040_blend_0.90,884,956,959,36,0.7963439641940927,0.0928050052137643,0.1647549530761209,0.005146745579196,3,0
mixeddoc_01113,qwen_selected,region_controller,884,956,958,36,0.7905285552284416,0.092901878914405,0.162839248434238,-0.0006686633864551,2,0
mixeddoc_00065,input,input,353,340,340,18,0.8642687549659488,0.1303116147308781,0.0,0.0,0,0
mixeddoc_00065,classical_shadow_0.40,classical_shadow_0.40,353,340,338,19,0.8659859630479799,0.1331444759206798,0.0147058823529411,0.0017172080820311,-2,1
mixeddoc_00065,docres_deshadow,docres_deshadow,353,340,339,18,0.8636850156439451,0.121813031161473,0.0323529411764705,-0.0005837393220037,-1,0
mixeddoc_00065,no_qwen_selected,region_controller,353,340,335,18,0.875386434461105,0.1331444759206798,0.0264705882352941,0.0111176794951561,-5,0
mixeddoc_00065,qwen_selected,docres_input_blend_0.90,353,340,336,17,0.8757528449297518,0.1274787535410765,0.038235294117647,0.011484089963803,-4,-1
mixeddoc_01695,input,input,130,138,138,13,0.7618288612530134,0.3405797101449275,0.0,0.0,0,0
mixeddoc_01695,classical_shadow_0.40,classical_shadow_0.40,130,138,131,12,0.737059531405965,0.3053435114503817,0.144927536231884,-0.0247693298470483,-7,-1
mixeddoc_01695,docres_deshadow,docres_deshadow,130,138,138,11,0.7715200578309109,0.1666666666666666,0.2101449275362318,0.0096911965778975,0,-2
mixeddoc_01695,no_qwen_selected,region_controller,130,138,137,11,0.7802395208430112,0.1751824817518248,0.2028985507246377,0.0184106595899977,-1,-2
mixeddoc_01695,qwen_selected,docres_classical040_blend_0.90,130,138,137,11,0.7899982576695628,0.1751824817518248,0.1956521739130435,0.0281693964165493,-1,-2
mixeddoc_00996,input,input,937,0,0,0,0.0,1.0,0.0,0.0,0,0
mixeddoc_00996,classical_shadow_0.40,classical_shadow_0.40,937,0,0,0,0.0,1.0,0.0,0.0,0,0
mixeddoc_00996,docres_deshadow,docres_deshadow,937,0,0,0,0.0,1.0,0.0,0.0,0,0
mixeddoc_00996,no_qwen_selected,region_controller,937,0,0,0,0.0,1.0,0.0,0.0,0,0
mixeddoc_00996,qwen_selected,docres_deshadow,937,0,0,0,0.0,1.0,0.0,0.0,0,0
mixeddoc_01743,input,input,473,492,492,60,0.7890550042693666,0.2154471544715447,0.0,0.0,0,0
mixeddoc_01743,classical_shadow_0.40,classical_shadow_0.40,473,492,477,61,0.7884370871001872,0.1446540880503144,0.1930894308943089,-0.0006179171691793,-15,1
mixeddoc_01743,docres_deshadow,docres_deshadow,473,492,479,61,0.7816857081021827,0.0709812108559499,0.1808943089430894,-0.0073692961671838,-13,1
mixeddoc_01743,no_qwen_selected,docres_input_blend_0.90,473,492,451,59,0.7944556565098713,0.1458773784355179,0.2052845528455284,0.0054006522405046,-41,-1
mixeddoc_01743,qwen_selected,docres_input_blend_0.80,473,492,471,59,0.7854960476864842,0.1416490486257928,0.2154471544715447,-0.0035589565828824,-21,-1
mixeddoc_01131,input,input,1113,1094,1094,76,0.7893777905968505,0.3773584905660377,0.0,0.0,0,0
mixeddoc_01131,classical_shadow_0.40,classical_shadow_0.40,1113,1094,1093,73,0.7963524265220094,0.3917340521114106,0.0648994515539305,0.0069746359251589,-1,-3
mixeddoc_01131,docres_deshadow,docres_deshadow,1113,1094,1054,69,0.8038881869852865,0.3926325247079964,0.1462522851919561,0.0145103963884359,-40,-7
mixeddoc_01131,no_qwen_selected,region_controller,1113,1094,1068,69,0.810338948806717,0.3647798742138364,0.1407678244972577,0.0209611582098664,-26,-7
mixeddoc_01131,qwen_selected,docres_input_blend_0.90,1113,1094,1070,68,0.806376472339355,0.3701707097933513,0.1508226691042047,0.0169986817425045,-24,-8
mixeddoc_00757,input,input,3174,2897,2897,148,0.818380960662715,0.5847511027095148,0.0,0.0,0,0
mixeddoc_00757,classical_shadow_0.40,classical_shadow_0.40,3174,2897,2923,149,0.8254620393525262,0.575299306868305,0.1980841601094765,0.0070810786898111,26,1
mixeddoc_00757,docres_deshadow,docres_deshadow,3174,2897,2934,155,0.8137322225394937,0.576244486452426,0.2995910020449898,-0.0046487381232213,37,7
mixeddoc_00757,no_qwen_selected,region_controller,3174,2897,2939,155,0.8147199619506172,0.5661625708884688,0.282068730860837,-0.0036609987120977,42,7
mixeddoc_00757,qwen_selected,input,3174,2897,2897,148,0.818380960662715,0.5847511027095148,0.0,0.0,0,0
mixeddoc_00552,input,input,3260,3211,3211,117,0.8674963273781805,0.3938650306748466,0.0,0.0,0,0
mixeddoc_00552,classical_shadow_0.40,classical_shadow_0.40,3260,3211,3245,125,0.8591494379124346,0.4113496932515337,0.1426810477657935,-0.0083468894657459,34,8
mixeddoc_00552,docres_deshadow,docres_deshadow,3260,3211,3275,120,0.8625140834725367,0.4363358778625954,0.1148091603053435,-0.0049822439056438,64,3
mixeddoc_00552,no_qwen_selected,docres_input_blend_0.80,3260,3211,3271,117,0.8713921594020745,0.4322837052889025,0.0859064506267196,0.0038958320238939,60,0
mixeddoc_00552,qwen_selected,input,3260,3211,3211,117,0.8674963273781805,0.3938650306748466,0.0,0.0,0,0
mixeddoc_00580,input,input,2747,2201,2201,101,0.7918381928985585,0.5111030214779759,0.0,0.0,0,0
mixeddoc_00580,classical_shadow_0.40,classical_shadow_0.40,2747,2201,2395,106,0.7904904339596956,0.5194757917728431,0.3849686847599164,-0.0013477589388628,194,5
mixeddoc_00580,docres_deshadow,docres_deshadow,2747,2201,2263,92,0.7859046067736893,0.5111030214779759,0.5629695095006628,-0.0059335861248691,62,-9
mixeddoc_00580,no_qwen_selected,docres_input_blend_0.90,2747,2201,2267,90,0.7918697248981728,0.5566072078631235,0.5024261138067931,3.153199961425379e-05,66,-11
mixeddoc_00580,qwen_selected,docres_deshadow,2747,2201,2263,92,0.7859046067736893,0.5111030214779759,0.5629695095006628,-0.0059335861248691,62,-9
mixeddoc_01184,input,input,843,693,693,27,0.6316749356099003,0.4543297746144721,0.0,0.0,0,0
mixeddoc_01184,classical_shadow_0.40,classical_shadow_0.40,843,693,683,28,0.6141218277200803,0.4472123368920522,0.1226551226551226,-0.01755310788982,-10,1
mixeddoc_01184,docres_deshadow,docres_deshadow,843,693,728,34,0.6519147099973296,0.4116251482799525,0.3063186813186813,0.0202397743874293,35,7
mixeddoc_01184,no_qwen_selected,input,843,693,693,27,0.6316749356099003,0.4543297746144721,0.0,0.0,0,0
mixeddoc_01184,qwen_selected,classical_shadow_0.40,843,693,683,28,0.6141218277200803,0.4472123368920522,0.1226551226551226,-0.01755310788982,-10,1
mixeddoc_00448,input,input,793,611,611,48,0.796136887362224,0.4224464060529634,0.0,0.0,0,0
mixeddoc_00448,classical_shadow_0.40,classical_shadow_0.40,793,611,606,47,0.7947464443893332,0.4300126103404792,0.0392798690671031,-0.0013904429728908,-5,-1
mixeddoc_00448,docres_deshadow,docres_deshadow,793,611,616,47,0.7870276739087289,0.416141235813367,0.1493506493506493,-0.0091092134534951,5,-1
mixeddoc_00448,no_qwen_selected,region_controller,793,611,617,47,0.796733321335127,0.416141235813367,0.1361426256077795,0.0005964339729029,6,-1
mixeddoc_00448,qwen_selected,docres_classical040_blend_0.90,793,611,616,47,0.7892289496733753,0.4123581336696091,0.1461038961038961,-0.0069079376888486,5,-1
mixeddoc_00667,input,input,5920,146,146,5,0.5371803701523855,0.9756756756756756,0.0,0.0,0,0
mixeddoc_00667,classical_shadow_0.40,classical_shadow_0.40,5920,146,155,5,0.5349831612902716,0.9738175675675677,0.2387096774193548,-0.0021972088621139,9,0
mixeddoc_00667,docres_deshadow,docres_deshadow,5920,146,1697,54,0.6405384977187741,0.783445945945946,0.9210371243370654,0.1033581275663886,1551,49
mixeddoc_00667,no_qwen_selected,docres_input_blend_0.80,5920,146,1680,53,0.6249260337355259,0.7847972972972973,0.9178571428571428,0.0877456635831404,1534,48
mixeddoc_00667,qwen_selected,docres_classical040_blend_0.90,5920,146,1640,52,0.6365812225390675,0.7891891891891892,0.9164634146341464,0.0994008523866819,1494,47
mixeddoc_00138,input,input,535,0,0,0,0.0,1.0,0.0,0.0,0,0
mixeddoc_00138,classical_shadow_0.40,classical_shadow_0.40,535,0,0,0,0.0,1.0,0.0,0.0,0,0
mixeddoc_00138,docres_deshadow,docres_deshadow,535,0,0,0,0.0,1.0,0.0,0.0,0,0
mixeddoc_00138,no_qwen_selected,docres_input_blend_0.80,535,0,0,0,0.0,1.0,0.0,0.0,0,0
mixeddoc_00138,qwen_selected,docres_deshadow,535,0,0,0,0.0,1.0,0.0,0.0,0,0
mixeddoc_00478,input,input,668,190,190,13,0.6071001349711886,0.8068862275449101,0.0,0.0,0,0
mixeddoc_00478,classical_shadow_0.40,classical_shadow_0.40,668,190,161,13,0.6049302981882494,0.8398203592814372,0.3842105263157894,-0.0021698367829392,-29,0
mixeddoc_00478,docres_deshadow,docres_deshadow,668,190,276,22,0.6397153755463161,0.7110778443113772,0.5398550724637681,0.0326152405751274,86,9
mixeddoc_00478,no_qwen_selected,docres_input_blend_0.80,668,190,276,22,0.6270637915323591,0.7125748502994012,0.5253623188405797,0.0199636565611704,86,9
mixeddoc_00478,qwen_selected,docres_deshadow,668,190,276,22,0.6397153755463161,0.7110778443113772,0.5398550724637681,0.0326152405751274,86,9
mixeddoc_01311,input,input,3303,3029,3029,102,0.7914249059154695,0.2809567060248259,0.0,0.0,0,0
mixeddoc_01311,classical_shadow_0.40,classical_shadow_0.40,3303,3029,3037,102,0.79343507565335,0.2767181350287617,0.0559762923938096,0.0020101697378804,8,0
mixeddoc_01311,docres_deshadow,docres_deshadow,3303,3029,3057,102,0.7981688165480341,0.2431123221313957,0.211972522080471,0.0067439106325645,28,0
mixeddoc_01311,no_qwen_selected,docres_input_blend_0.80,3303,3029,3060,102,0.8017459580595806,0.2303966091432031,0.1866013071895425,0.010321052144111,31,0
mixeddoc_01311,qwen_selected,docres_input_blend_0.90,3303,3029,3049,102,0.8001249108937528,0.2316076294277929,0.1948179731059363,0.0087000049782832,20,0
mixeddoc_00508,input,input,4119,23,23,3,0.6398699260699802,0.9944161204175772,0.0,0.0,0,0
mixeddoc_00508,classical_shadow_0.40,classical_shadow_0.40,4119,23,16,2,0.7071006373323575,0.9961155620296188,0.391304347826087,0.0672307112623773,-7,-1
mixeddoc_00508,docres_deshadow,docres_deshadow,4119,23,138,5,0.5327854830278922,0.9674678319980576,0.8333333333333334,-0.1070844430420879,115,2
mixeddoc_00508,no_qwen_selected,region_controller,4119,23,99,3,0.5780643744783579,0.9762078174314154,0.7676767676767676,-0.0618055515916222,76,0
mixeddoc_00508,qwen_selected,docres_classical040_blend_0.90,4119,23,109,4,0.5527371587569847,0.9747511531925224,0.7889908256880734,-0.0871327673129954,86,1
mixeddoc_01631,input,input,384,0,0,0,0.0,1.0,0.0,0.0,0,0
mixeddoc_01631,classical_shadow_0.40,classical_shadow_0.40,384,0,0,0,0.0,1.0,0.0,0.0,0,0
mixeddoc_01631,docres_deshadow,docres_deshadow,384,0,0,0,0.0,1.0,0.0,0.0,0,0
mixeddoc_01631,no_qwen_selected,docres_input_blend_0.80,384,0,0,0,0.0,1.0,0.0,0.0,0,0
mixeddoc_01631,qwen_selected,docres_deshadow,384,0,0,0,0.0,1.0,0.0,0.0,0,0
mixeddoc_00735,input,input,3706,2813,2813,169,0.779345206324378,0.5984889368591473,0.0,0.0,0,0
mixeddoc_00735,classical_shadow_0.40,classical_shadow_0.40,3706,2813,2754,159,0.7764347809782631,0.5698866702644361,0.2481336651261997,-0.0029104253461148,-59,-10
mixeddoc_00735,docres_deshadow,docres_deshadow,3706,2813,2881,180,0.780151024346691,0.5906637884511603,0.3370357514751822,0.000805818022313,68,11
mixeddoc_00735,no_qwen_selected,docres_input_blend_0.90,3706,2813,2864,179,0.7799481311077955,0.5990286022665947,0.3198324022346369,0.0006029247834175,51,10
mixeddoc_00735,qwen_selected,region_controller,3706,2813,2827,176,0.7813921499452292,0.5955207771181867,0.2985496993279094,0.0020469436208512,14,7
mixeddoc_00348,input,input,360,230,230,27,0.6872762452995462,0.6,0.0,0.0,0,0
mixeddoc_00348,classical_shadow_0.40,classical_shadow_0.40,360,230,238,29,0.6853786724201946,0.5722222222222222,0.2100840336134453,-0.0018975728793516,8,2
mixeddoc_00348,docres_deshadow,docres_deshadow,360,230,243,31,0.725388000587666,0.5666666666666667,0.3127572016460905,0.0381117552881197,13,4
mixeddoc_00348,no_qwen_selected,docres_input_blend_0.90,360,230,240,29,0.7328378815313508,0.575,0.3041666666666666,0.0455616362318045,10,2
mixeddoc_00348,qwen_selected,docres_classical040_blend_0.90,360,230,241,30,0.7297409200910135,0.5805555555555556,0.3029045643153527,0.0424646747914673,11,3
mixeddoc_00967,input,input,1372,0,0,0,0.0,1.0,0.0,0.0,0,0
mixeddoc_00967,classical_shadow_0.40,classical_shadow_0.40,1372,0,0,0,0.0,1.0,0.0,0.0,0,0
mixeddoc_00967,docres_deshadow,docres_deshadow,1372,0,9,1,0.5310551300644875,0.9948979591836736,1.0,0.5310551300644875,9,1
mixeddoc_00967,no_qwen_selected,docres_classical040_blend_0.90,1372,0,0,0,0.0,1.0,0.0,0.0,0,0
mixeddoc_00967,qwen_selected,docres_deshadow,1372,0,9,1,0.5310551300644875,0.9948979591836736,1.0,0.5310551300644875,9,1
mixeddoc_01758,input,input,224,184,184,23,0.6835696189185646,0.7366071428571429,0.0,0.0,0,0
mixeddoc_01758,classical_shadow_0.40,classical_shadow_0.40,224,184,185,25,0.6801769885510589,0.7366071428571429,0.2432432432432432,-0.0033926303675057,1,2
mixeddoc_01758,docres_deshadow,docres_deshadow,224,184,224,24,0.6888150394547248,0.5535714285714286,0.5892857142857143,0.0052454205361601,40,1
mixeddoc_01758,no_qwen_selected,docres_input_blend_0.90,224,184,221,23,0.6850623148904514,0.5580357142857143,0.583710407239819,0.0014926959718868,37,0
mixeddoc_01758,qwen_selected,docres_deshadow,224,184,224,24,0.6888150394547248,0.5535714285714286,0.5892857142857143,0.0052454205361601,40,1
mixeddoc_00232,input,input,801,592,592,42,0.7737742210209643,0.3682896379525593,0.0,0.0,0,0
mixeddoc_00232,classical_shadow_0.40,classical_shadow_0.40,801,592,586,43,0.7789038729072011,0.383270911360799,0.1081081081081081,0.0051296518862368,-6,1
mixeddoc_00232,docres_deshadow,docres_deshadow,801,592,644,43,0.7688960692443547,0.3033707865168539,0.2313664596273291,-0.0048781517766095,52,1
mixeddoc_00232,no_qwen_selected,region_controller,801,592,617,39,0.7775989379615129,0.3196004993757803,0.2285251215559157,0.0038247169405486,25,-3
mixeddoc_00232,qwen_selected,docres_input_blend_0.80,801,592,631,39,0.7864467933911238,0.3071161048689138,0.2123613312202852,0.0126725723701595,39,-3
mixeddoc_00166,input,input,196,0,0,0,0.0,1.0,0.0,0.0,0,0
mixeddoc_00166,classical_shadow_0.40,classical_shadow_0.40,196,0,0,0,0.0,1.0,0.0,0.0,0,0
mixeddoc_00166,docres_deshadow,docres_deshadow,196,0,0,0,0.0,1.0,0.0,0.0,0,0
mixeddoc_00166,no_qwen_selected,docres_input_blend_0.90,196,0,0,0,0.0,1.0,0.0,0.0,0,0
mixeddoc_00166,qwen_selected,docres_deshadow,196,0,0,0,0.0,1.0,0.0,0.0,0,0
mixeddoc_00484,input,input,4463,4244,4244,150,0.862069456509988,0.2959892449025319,0.0,0.0,0,0
mixeddoc_00484,classical_shadow_0.40,classical_shadow_0.40,4463,4244,4247,150,0.8600653080332287,0.3015908581671521,0.0105957146220861,-0.0020041484767593,3,0
mixeddoc_00484,docres_deshadow,docres_deshadow,4463,4244,4253,148,0.8687317702147637,0.3269101501232355,0.0999294615565483,0.0066623137047756,9,-2
mixeddoc_00484,no_qwen_selected,docres_classical040_blend_0.90,4463,4244,4226,149,0.8646512217927879,0.3246695048173874,0.1006126295947219,0.0025817652827998,-18,-1
mixeddoc_00484,qwen_selected,docres_deshadow,4463,4244,4253,148,0.8687317702147637,0.3269101501232355,0.0999294615565483,0.0066623137047756,9,-2
mixeddoc_00670,input,input,4118,0,0,0,0.0,1.0,0.0,0.0,0,0
mixeddoc_00670,classical_shadow_0.40,classical_shadow_0.40,4118,0,0,0,0.0,1.0,0.0,0.0,0,0
mixeddoc_00670,docres_deshadow,docres_deshadow,4118,0,0,0,0.0,1.0,0.0,0.0,0,0
mixeddoc_00670,no_qwen_selected,docres_input_blend_0.80,4118,0,0,0,0.0,1.0,0.0,0.0,0,0
mixeddoc_00670,qwen_selected,docres_deshadow,4118,0,0,0,0.0,1.0,0.0,0.0,0,0
mixeddoc_00845,input,input,1935,1851,1851,101,0.7353673983518672,0.2459948320413436,0.0,0.0,0,0
mixeddoc_00845,classical_shadow_0.40,classical_shadow_0.40,1935,1851,1867,102,0.7353017342331557,0.2434108527131783,0.0562399571505088,-6.566411871145039e-05,16,1
mixeddoc_00845,docres_deshadow,docres_deshadow,1935,1851,1888,96,0.7525972945380989,0.2082687338501292,0.1048728813559322,0.0172298961862317,37,-5
mixeddoc_00845,no_qwen_selected,region_controller,1935,1851,1891,97,0.7507698485298819,0.2165374677002584,0.0988894764674775,0.0154024501780147,40,-4
mixeddoc_00845,qwen_selected,docres_deshadow,1935,1851,1888,96,0.7525972945380989,0.2082687338501292,0.1048728813559322,0.0172298961862317,37,-5
mixeddoc_00125,input,input,314,0,0,0,0.0,1.0,0.0,0.0,0,0
mixeddoc_00125,classical_shadow_0.40,classical_shadow_0.40,314,0,0,0,0.0,1.0,0.0,0.0,0,0
mixeddoc_00125,docres_deshadow,docres_deshadow,314,0,0,0,0.0,1.0,0.0,0.0,0,0
mixeddoc_00125,no_qwen_selected,docres_input_blend_0.90,314,0,0,0,0.0,1.0,0.0,0.0,0,0
mixeddoc_00125,qwen_selected,docres_deshadow,314,0,0,0,0.0,1.0,0.0,0.0,0,0
mixeddoc_00583,input,input,2939,59,59,13,0.6360220638032144,0.9863899285471248,0.0,0.0,0,0
mixeddoc_00583,classical_shadow_0.40,classical_shadow_0.40,2939,59,49,10,0.6650801158215834,0.9894521946240218,0.3728813559322034,0.029058052018369,-10,-3
mixeddoc_00583,docres_deshadow,docres_deshadow,2939,59,80,17,0.6825116324922841,0.9795848928206872,0.4875,0.0464895686890697,21,4
mixeddoc_00583,no_qwen_selected,docres_deshadow,2939,59,80,17,0.6825116324922841,0.9795848928206872,0.4875,0.0464895686890697,21,4
mixeddoc_00583,qwen_selected,docres_input_blend_0.90,2939,59,61,14,0.6895139065448805,0.9850289214018374,0.4262295081967213,0.0534918427416661,2,1
mixeddoc_00878,input,input,2005,1968,1968,80,0.8336053444086285,0.1341645885286783,0.0,0.0,0,0
mixeddoc_00878,classical_shadow_0.40,classical_shadow_0.40,2005,1968,1968,80,0.8369645585556509,0.1341645885286783,0.0182926829268292,0.0033592141470223,0,0
mixeddoc_00878,docres_deshadow,docres_deshadow,2005,1968,1926,78,0.8559103617239239,0.1017456359102244,0.086890243902439,0.0223050173152953,-42,-2
mixeddoc_00878,no_qwen_selected,docres_input_blend_0.90,2005,1968,1952,79,0.8539179183328348,0.0962593516209476,0.0736788617886178,0.0203125739242062,-16,-1
mixeddoc_00878,qwen_selected,docres_deshadow,2005,1968,1926,78,0.8559103617239239,0.1017456359102244,0.086890243902439,0.0223050173152953,-42,-2
mixeddoc_01069,input,input,598,349,349,47,0.7431651529894655,0.7391304347826086,0.0,0.0,0,0
mixeddoc_01069,classical_shadow_0.40,classical_shadow_0.40,598,349,345,46,0.7457731323017882,0.7391304347826086,0.0114613180515759,0.0026079793123227,-4,-1
mixeddoc_01069,docres_deshadow,docres_deshadow,598,349,398,46,0.7698719439977053,0.745819397993311,0.2537688442211055,0.0267067910082398,49,-1
mixeddoc_01069,no_qwen_selected,docres_deshadow,598,349,398,46,0.7698719439977053,0.745819397993311,0.2537688442211055,0.0267067910082398,49,-1
mixeddoc_01069,qwen_selected,region_controller,598,349,392,45,0.7669382150513125,0.717391304347826,0.2142857142857142,0.023773062061847,43,-2
mixeddoc_01170,input,input,621,375,375,67,0.6972724833169653,0.6489533011272142,0.0,0.0,0,0
mixeddoc_01170,classical_shadow_0.40,classical_shadow_0.40,621,375,370,66,0.7093123718151035,0.6360708534621579,0.0773333333333333,0.0120398884981381,-5,-1
mixeddoc_01170,docres_deshadow,docres_deshadow,621,375,377,59,0.6989474453467482,0.6409017713365539,0.416445623342175,0.0016749620297829,2,-8
mixeddoc_01170,no_qwen_selected,docres_input_blend_0.90,621,375,399,58,0.7138561396683967,0.6038647342995169,0.4310776942355889,0.0165836563514313,24,-9
mixeddoc_01170,qwen_selected,docres_deshadow,621,375,377,59,0.6989474453467482,0.6409017713365539,0.416445623342175,0.0016749620297829,2,-8
mixeddoc_01525,input,input,437,317,317,49,0.7555230007608307,0.7139588100686499,0.0,0.0,0,0
mixeddoc_01525,classical_shadow_0.40,classical_shadow_0.40,437,317,317,49,0.7555230007608307,0.7139588100686499,0.0,0.0,0,0
mixeddoc_01525,docres_deshadow,docres_deshadow,437,317,344,51,0.7383814314038611,0.700228832951945,0.4186046511627907,-0.0171415693569695,27,2
mixeddoc_01525,no_qwen_selected,region_controller,437,317,342,51,0.752172468863469,0.6933638443935927,0.3157894736842105,-0.0033505318973616,25,2
mixeddoc_01525,qwen_selected,docres_input_blend_0.90,437,317,356,51,0.749532094932202,0.6910755148741419,0.348314606741573,-0.0059909058286287,39,2
mixeddoc_01307,input,input,7124,0,0,0,0.0,1.0,0.0,0.0,0,0
mixeddoc_01307,classical_shadow_0.40,classical_shadow_0.40,7124,0,0,0,0.0,1.0,0.0,0.0,0,0
mixeddoc_01307,docres_deshadow,docres_deshadow,7124,0,0,0,0.0,1.0,0.0,0.0,0,0
mixeddoc_01307,no_qwen_selected,region_controller,7124,0,0,0,0.0,1.0,0.0,0.0,0,0
mixeddoc_01307,qwen_selected,docres_input_blend_0.90,7124,0,0,0,0.0,1.0,0.0,0.0,0,0
mixeddoc_01017,input,input,760,688,688,41,0.771989395882588,0.3026315789473684,0.0,0.0,0,0
mixeddoc_01017,classical_shadow_0.40,classical_shadow_0.40,760,688,688,41,0.7730922969211407,0.3052631578947368,0.0174418604651162,0.0011029010385527,0,0
mixeddoc_01017,docres_deshadow,docres_deshadow,760,688,706,43,0.7719906106686654,0.2907894736842105,0.0580736543909348,1.214786077397001e-06,18,2
mixeddoc_01017,no_qwen_selected,docres_input_blend_0.90,760,688,704,43,0.7710125086515098,0.2894736842105263,0.0582386363636363,-0.0009768872310781,16,2
mixeddoc_01017,qwen_selected,docres_deshadow,760,688,706,43,0.7719906106686654,0.2907894736842105,0.0580736543909348,1.214786077397001e-06,18,2
mixeddoc_01465,input,input,4083,3694,3694,79,0.7873185425815854,0.5035513103110458,0.0,0.0,0,0
mixeddoc_01465,classical_shadow_0.40,classical_shadow_0.40,4083,3694,3754,80,0.7870593721082537,0.4932647563066373,0.0511454448588172,-0.0002591704733316,60,1
mixeddoc_01465,docres_deshadow,docres_deshadow,4083,3694,3631,74,0.7910048493204084,0.5091844232182219,0.1946399566865186,0.0036863067388229,-63,-5
mixeddoc_01465,no_qwen_selected,docres_input_blend_0.90,4083,3694,3595,74,0.7894503839290369,0.505755571883419,0.1635083919870059,0.0021318413474514,-99,-5
mixeddoc_01465,qwen_selected,docres_deshadow,4083,3694,3631,74,0.7910048493204084,0.5091844232182219,0.1946399566865186,0.0036863067388229,-63,-5
mixeddoc_01526,input,input,686,620,620,71,0.7907901076542725,0.6661807580174927,0.0,0.0,0,0
mixeddoc_01526,classical_shadow_0.40,classical_shadow_0.40,686,620,620,71,0.7907901076542725,0.6661807580174927,0.0,0.0,0,0
mixeddoc_01526,docres_deshadow,docres_deshadow,686,620,640,75,0.7822872582404641,0.6924198250728864,0.0875,-0.0085028494138084,20,4
mixeddoc_01526,no_qwen_selected,docres_deshadow,686,620,640,75,0.7822872582404641,0.6924198250728864,0.0875,-0.0085028494138084,20,4
mixeddoc_01526,qwen_selected,docres_input_blend_0.90,686,620,630,74,0.7861358897194082,0.6676384839650146,0.0444444444444444,-0.0046542179348643,10,3
mixeddoc_00335,input,input,229,147,147,12,0.7068028346551184,0.4803493449781659,0.0,0.0,0,0
mixeddoc_00335,classical_shadow_0.40,classical_shadow_0.40,229,147,85,9,0.7081132695312987,0.6812227074235808,0.5238095238095238,0.0013104348761803,-62,-3
mixeddoc_00335,docres_deshadow,docres_deshadow,229,147,112,11,0.6660391373976516,0.611353711790393,0.3809523809523809,-0.0407636972574667,-35,-1
mixeddoc_00335,no_qwen_selected,docres_classical040_blend_0.90,229,147,115,11,0.6771573046756675,0.5982532751091703,0.3469387755102041,-0.0296455299794509,-32,-1
mixeddoc_00335,qwen_selected,docres_input_blend_0.80,229,147,112,10,0.6728501820100242,0.6200873362445415,0.3741496598639456,-0.0339526526450941,-35,-2
mixeddoc_01001,input,input,922,50,50,6,0.6037732471801561,1.0,0.0,0.0,0,0
mixeddoc_01001,classical_shadow_0.40,classical_shadow_0.40,922,50,51,7,0.582372726722584,0.9967462039045552,0.2156862745098039,-0.0214005204575721,1,1
mixeddoc_01001,docres_deshadow,docres_deshadow,922,50,60,9,0.6252620796078066,0.9967462039045552,0.4833333333333333,0.0214888324276504,10,3
mixeddoc_01001,no_qwen_selected,docres_classical040_blend_0.90,922,50,60,9,0.6201592411520491,0.9967462039045552,0.4833333333333333,0.0163859939718929,10,3
mixeddoc_01001,qwen_selected,docres_deshadow,922,50,60,9,0.6252620796078066,0.9967462039045552,0.4833333333333333,0.0214888324276504,10,3
mixeddoc_01084,input,input,316,336,336,66,0.7426912348313142,0.9017857142857144,0.0,0.0,0,0
mixeddoc_01084,classical_shadow_0.40,classical_shadow_0.40,316,336,328,65,0.7492718079053644,0.9146341463414634,0.1071428571428571,0.0065805730740502,-8,-1
mixeddoc_01084,docres_deshadow,docres_deshadow,316,336,329,65,0.742620320337204,0.917933130699088,0.1398809523809523,-7.091449411011919e-05,-7,-1
mixeddoc_01084,no_qwen_selected,docres_deshadow,316,336,329,65,0.742620320337204,0.917933130699088,0.1398809523809523,-7.091449411011919e-05,-7,-1
mixeddoc_01084,qwen_selected,docres_input_blend_0.90,316,336,325,64,0.7474056145019552,0.92,0.125,0.004714379670641,-11,-2
mixeddoc_01398,input,input,3181,2702,2702,160,0.7434250881983162,0.4275385099025464,0.0,0.0,0,0
mixeddoc_01398,classical_shadow_0.40,classical_shadow_0.40,3181,2702,2687,162,0.7378802273627648,0.4577176988368437,0.0780903034789045,-0.0055448608355513,-15,2
mixeddoc_01398,docres_deshadow,docres_deshadow,3181,2702,2514,150,0.7431386227047357,0.4511160012574662,0.2557364914877868,-0.0002864654935804,-188,-10
mixeddoc_01398,no_qwen_selected,docres_deshadow,3181,2702,2514,150,0.7431386227047357,0.4511160012574662,0.2557364914877868,-0.0002864654935804,-188,-10
mixeddoc_01398,qwen_selected,docres_input_blend_0.90,3181,2702,2546,155,0.7402107980920223,0.4410562716127004,0.2464840858623242,-0.0032142901062939,-156,-5
mixeddoc_00619,input,input,2828,2842,2842,119,0.8042549982337837,0.4261083743842364,0.0,0.0,0,0
mixeddoc_00619,classical_shadow_0.40,classical_shadow_0.40,2828,2842,2806,121,0.80187200541173,0.4543847241867044,0.173469387755102,-0.0023829928220536,-36,2
mixeddoc_00619,docres_deshadow,docres_deshadow,2828,2842,2795,116,0.8135711165540138,0.4225601131541726,0.1871921182266009,0.0093161183202301,-47,-3
mixeddoc_00619,no_qwen_selected,docres_input_blend_0.80,2828,2842,2822,114,0.8173299571091195,0.4084158415841584,0.1692470091484869,0.0130749588753358,-20,-5
mixeddoc_00619,qwen_selected,docres_classical040_blend_0.90,2828,2842,2832,117,0.8193090025309077,0.4180790960451977,0.1928219563687544,0.015054004297124,-10,-2
mixeddoc_00529,input,input,4065,6,6,1,0.6381863313061851,0.9985239852398524,0.0,0.0,0,0
mixeddoc_00529,classical_shadow_0.40,classical_shadow_0.40,4065,6,0,0,0.0,1.0,1.0,-0.6381863313061851,-6,-1
mixeddoc_00529,docres_deshadow,docres_deshadow,4065,6,6,1,0.6605049542018345,0.9985239852398524,0.0,0.0223186228956494,0,0
mixeddoc_00529,no_qwen_selected,docres_classical040_blend_0.90,4065,6,6,1,0.670293927192688,0.9985239852398524,0.0,0.0321075958865029,0,0
mixeddoc_00529,qwen_selected,docres_deshadow,4065,6,6,1,0.6605049542018345,0.9985239852398524,0.0,0.0223186228956494,0,0
mixeddoc_00261,input,input,790,8,8,4,0.6245503971974055,0.9974683544303796,0.0,0.0,0,0
mixeddoc_00261,classical_shadow_0.40,classical_shadow_0.40,790,8,8,4,0.6573675572872162,0.9974683544303796,0.0,0.0328171600898107,0,0
mixeddoc_00261,docres_deshadow,docres_deshadow,790,8,11,4,0.6337233285109202,0.9949367088607596,0.4545454545454545,0.0091729313135147,3,0
mixeddoc_00261,no_qwen_selected,docres_deshadow,790,8,11,4,0.6337233285109202,0.9949367088607596,0.4545454545454545,0.0091729313135147,3,0
mixeddoc_00261,qwen_selected,docres_input_blend_0.90,790,8,11,4,0.629563303043445,0.9949367088607596,0.4545454545454545,0.0050129058460395,3,0
